country,year,export_entropy_global,n_export_partners_global,top_partner_share,top_partner,export_entropy_regional,gap
ARG,2000,0.640710290360969,14,0.44070652361243573,BRA,0.4687692322660372,-0.17194105809493188
ARG,2001,0.6938967326988456,14,0.39304738951298296,BRA,0.5311613505673188,-0.16273538213152672
ARG,2002,0.7428820619756192,14,0.32068182978590315,BRA,0.602217384449656,-0.14066467752596323
ARG,2003,0.7529526332670284,14,0.27096575538998113,BRA,0.6058425278150528,-0.14711010545197567
ARG,2004,0.7556641724928691,14,0.2771523085296305,BRA,0.6245210419621019,-0.1311431305307672
ARG,2005,0.7489823999951124,14,0.2761575016593728,BRA,0.6374079280914131,-0.11157447190369929
ARG,2006,0.7626983803406386,14,0.31516204649023216,BRA,0.6428960646174888,-0.11980231572314981
ARG,2007,0.7532838671457214,14,0.3412643079137379,BRA,0.609841129730248,-0.14344273741547342
ARG,2008,0.7334390792024231,14,0.3585658830024444,BRA,0.5918701197167245,-0.1415689594856986
ARG,2009,0.7352879122244229,14,0.38792072727809623,BRA,0.5865100300034173,-0.14877788222100563
ARG,2010,0.7374648403729694,14,0.3930268928560687,BRA,0.5794286652000332,-0.15803617517293622
ARG,2011,0.7351949264450461,14,0.40638050051434077,BRA,0.5726306857102212,-0.1625642407348249
ARG,2012,0.7549720516828617,14,0.39663901452470773,BRA,0.5973395562982343,-0.15763249538462742
ARG,2013,0.7388031284274938,14,0.4116872973122332,BRA,0.5651351085663031,-0.17366801986119074
ARG,2014,0.7143418293339636,14,0.43181285278620485,BRA,0.5420252588380796,-0.172316570495884
ARG,2015,0.7209658545496878,14,0.38163718093300897,BRA,0.5367951157156985,-0.18417073883398927
ARG,2016,0.750107486815666,14,0.3464337837646726,BRA,0.5734389881640924,-0.17666849865157352
ARG,2017,0.753211655045453,14,0.3504053366374352,BRA,0.606386711017644,-0.146824944027809
ARG,2018,0.7231934662941386,14,0.39697424220072186,BRA,0.5823709560376513,-0.1408225102564873
ARG,2019,0.7433686168533397,14,0.336263707616032,BRA,0.6144153555679495,-0.1289532612853902
ARG,2020,0.7458637423132087,14,0.3249035239966518,BRA,0.6205400096521054,-0.1253237326611033
ARG,2021,0.7710425498418159,14,0.3297447704828188,BRA,0.638855401389572,-0.13218714845224389
ARG,2022,0.7817043756945974,14,0.2961922355331568,BRA,0.6704066385025296,-0.11129773719206781
ARG,2023,0.771859615621264,14,0.3266762496736519,BRA,0.6595356295976617,-0.11232398602360238
ARG,2024,0.7434750063470538,14,0.33610474868519796,BRA,0.628338559546497,-0.11513644680055679
BOL,2000,0.6386835997714784,14,0.3903935845745565,USA,0.6850824058043196,0.04639880603284119
BOL,2001,0.6600127192404237,14,0.33974176415058555,BRA,0.6550775798613885,-0.004935139379035225
BOL,2002,0.6439647032134643,14,0.39618178072971194,BRA,0.6146694506792805,-0.029295252534183858
BOL,2003,0.6631533998205286,14,0.42751838849244567,BRA,0.6119055929860877,-0.05124780683444086
BOL,2004,0.6886616295929354,14,0.41609293162022404,BRA,0.5928317530927809,-0.09582987650015451
BOL,2005,0.6408014125478527,14,0.4709575801056052,BRA,0.5193207795609632,-0.12148063298688949
BOL,2006,0.64805784392961,14,0.46963995371924,BRA,0.5237500032260942,-0.12430784070351575
BOL,2007,0.6705991091971969,14,0.46084295663774416,BRA,0.513196697968268,-0.15740241122892895
BOL,2008,0.6243092359022231,14,0.5160429387341522,BRA,0.4436144755643429,-0.18069476033788018
BOL,2009,0.7343663199847468,14,0.3880779550976562,BRA,0.5829112753569853,-0.1514550446277615
BOL,2010,0.7085645226763276,14,0.4312921640670933,BRA,0.5412573688262816,-0.16730715385004602
BOL,2011,0.7190038466802603,14,0.4110388724742308,BRA,0.5622967101493375,-0.15670713653092283
BOL,2012,0.7106457499309736,14,0.35597684647438177,BRA,0.6037779500256498,-0.1068677999053238
BOL,2013,0.6927112130037988,14,0.3787432055351195,BRA,0.5856909090766178,-0.10702030392718098
BOL,2014,0.7017599656157557,14,0.33859951213537526,BRA,0.5717093381528836,-0.1300506274628721
BOL,2015,0.743142761329921,14,0.3278789775291614,BRA,0.6007534829182598,-0.14238927841166116
BOL,2016,0.8071160335734683,14,0.24021278919008646,BRA,0.6818937436101499,-0.1252222899633184
BOL,2017,0.8045512070499038,14,0.23730659366158674,BRA,0.6572575747155127,-0.14729363233439108
BOL,2018,0.7916054160933493,14,0.26078023273995354,BRA,0.6558501580233187,-0.13575525807003064
BOL,2019,0.7898046522101219,14,0.25777439507339656,BRA,0.6694323987136559,-0.12037225349646596
BOL,2020,0.8131475746595133,14,0.2337692065997591,BRA,0.7196681600079001,-0.09347941465161314
BOL,2021,0.8401074301894922,14,0.20818080786064136,BRA,0.7495286430626209,-0.09057878712687129
BOL,2022,0.8219297576934896,14,0.21153449144811343,BRA,0.7426506684811005,-0.07927908921238913
BOL,2023,0.8186343847737314,14,0.22060057544402806,BRA,0.7445107285906875,-0.07412365618304395
BOL,2024,0.8120942046740881,14,0.2342898070433431,BRA,0.7178263065470624,-0.09426789812702574
BRA,2000,0.6806908415869869,14,0.43551847498851337,USA,0.6097690908940733,-0.07092175069291362
BRA,2001,0.6880038733292859,14,0.45923475372829814,USA,0.6676711459900857,-0.02033272733920022
BRA,2002,0.6952247096185028,14,0.48946191764095126,USA,0.8031961222584865,0.10797141263998367
BRA,2003,0.7259574287448853,14,0.42785012676590917,USA,0.7426360055039148,0.016678576759029506
BRA,2004,0.7416592741559602,14,0.3991922204839442,USA,0.720655756581852,-0.021003517574108233
BRA,2005,0.761208295634252,14,0.3700015843523855,USA,0.7221846730132505,-0.03902362262100145
BRA,2006,0.7740488986590843,14,0.3512802183690212,USA,0.7356740653684416,-0.03837483329064273
BRA,2007,0.7743986905209974,14,0.322572091958117,USA,0.6992401570843083,-0.0751585334366891
BRA,2008,0.7856294344723465,14,0.2823764762188652,USA,0.6882173075704364,-0.09741212690191003
BRA,2009,0.766110853271243,14,0.28728559992620145,CHN,0.6771979538859226,-0.08891289938532032
BRA,2010,0.7661815020465081,14,0.30025392027314474,CHN,0.6631139657335611,-0.10306753631294707
BRA,2011,0.7419121742991125,14,0.3328012617340463,CHN,0.6467448943954903,-0.09516727990362217
BRA,2012,0.7407323368612102,14,0.3371878774736553,CHN,0.6955092912244194,-0.045223045636790804
BRA,2013,0.7225814251360602,14,0.36759528616326936,CHN,0.6632302773718394,-0.05935114776422079
BRA,2014,0.7266796087035986,14,0.3537503875400637,CHN,0.7250992076533691,-0.0015804010502294963
BRA,2015,0.7227140725799919,14,0.35430275622590396,CHN,0.7290722483532568,0.006358175773264918
BRA,2016,0.7233924475640234,14,0.3561555124439295,CHN,0.723133073170102,-0.0002593743939214299
BRA,2017,0.7011709917508601,14,0.3875712417004357,CHN,0.7008181668292767,-0.0003528249215833945
BRA,2018,0.6581717219786055,14,0.45841758680712635,CHN,0.7362670260376168,0.07809530405901133
BRA,2019,0.6511694793564657,14,0.47057993432482415,CHN,0.7997127265754365,0.14854324721897072
BRA,2020,0.6001233608824512,14,0.5487901149419072,CHN,0.7837175142843193,0.18359415340186813
BRA,2021,0.626457986065743,14,0.5192232207849884,CHN,0.7947779889011681,0.16832000283542514
BRA,2022,0.6654723016245976,14,0.4702920207717592,CHN,0.795438032421766,0.12996573079716844
BRA,2023,0.6301237656672634,14,0.5123437983601514,CHN,0.775769516416264,0.14564575074900066
BRA,2024,0.6258692875161233,14,0.4975791853799591,CHN,0.7822982259117669,0.15642893839564365
CHL,2000,0.808139934920632,14,0.26894198209951087,USA,0.8174222554618438,0.009282320541211808
CHL,2001,0.8193553313715841,14,0.2941932492593576,USA,0.8554203360233966,0.036065004651812504
CHL,2002,0.7985877624130676,14,0.32150660516754065,USA,0.8474127160672166,0.04882495365414896
CHL,2003,0.8354776599396353,14,0.27142075899882545,USA,0.8900223704613437,0.054544710521708395
CHL,2004,0.821113542666253,14,0.24413255830712757,USA,0.8674233692909963,0.046309826624743256
CHL,2005,0.8050054527429944,14,0.2512333880562582,USA,0.8489824126618883,0.04397695991889394
CHL,2006,0.8111779692857944,14,0.26248461188439337,USA,0.8246237127059394,0.013445743420144929
CHL,2007,0.7991204289205817,14,0.24546821555424836,CHN,0.8284413064255162,0.029320877504934506
CHL,2008,0.8334158311966339,14,0.2144640922038686,CHN,0.8430754545347097,0.009659623338075796
CHL,2009,0.7656143426288333,14,0.34811227799066063,CHN,0.8352261588456508,0.06961181621681745
CHL,2010,0.7507308885503159,14,0.3573706364368878,CHN,0.8029007198696697,0.05216983131935382
CHL,2011,0.7568479560287599,14,0.3383242770195232,CHN,0.8179393560810571,0.061091400052297185
CHL,2012,0.7484537897986916,14,0.34000739449668516,CHN,0.8161365953958835,0.06768280559719186
CHL,2013,0.7428272286735083,14,0.35693820237417545,CHN,0.812656391089968,0.06982916241645976
CHL,2014,0.7476038985710493,14,0.35127721365646786,CHN,0.8236031306446692,0.07599923207361992
CHL,2015,0.741470880458937,14,0.3688622992696113,CHN,0.8420853525797729,0.10061447212083585
CHL,2016,0.724235145263236,14,0.3859982207660326,CHN,0.8396510275956008,0.11541588233236488
CHL,2017,0.7253667891029738,14,0.37431817085350355,CHN,0.8297448742282009,0.10437808512522706
CHL,2018,0.681941657375679,14,0.4360444382035239,CHN,0.8306264085660057,0.14868475119032665
CHL,2019,0.6889754334056603,14,0.42348578532999914,CHN,0.818770168778807,0.12979473537314679
CHL,2020,0.6383430930098305,14,0.48913555000839454,CHN,0.8135462292809685,0.17520313627113804
CHL,2021,0.6268517993234592,14,0.4851087264269373,CHN,0.7798476355479782,0.15299583622451896
CHL,2022,0.6398207944791464,14,0.49031105641092904,CHN,0.817259106712228,0.1774383122330816
CHL,2023,0.645194821815606,14,0.4748890705202352,CHN,0.8196408418725654,0.17444602005695942
CHL,2024,0.6362076721722574,14,0.4739775985293971,CHN,0.7850695001957573,0.1488618280234999
COL,2000,0.451768382967087,14,0.7276058573343543,USA,0.8603258980853951,0.40855751511830807
COL,2001,0.4827612508109532,14,0.6902140736939769,USA,0.7999710774433341,0.31720982663238084
COL,2002,0.48689612234069274,14,0.6801476867150719,USA,0.7539775438792555,0.2670814215385628
COL,2003,0.4723064091137067,14,0.7016905300500003,USA,0.7696791802872002,0.2973727711734935
COL,2004,0.5112475514228989,14,0.6684432921071639,USA,0.7834717678958314,0.2722242164729325
COL,2005,0.5099456802322554,14,0.6674231512309147,USA,0.7584825935547589,0.2485369133225035
COL,2006,0.5013743305922282,14,0.6834177723164541,USA,0.7784003715033939,0.27702604091116567
COL,2007,0.5388654158945252,14,0.6534439421045825,USA,0.8176926458275782,0.278827229933053
COL,2008,0.5032393520779704,14,0.6868617673734615,USA,0.8407058025593523,0.3374664504813819
COL,2009,0.5015391544131732,14,0.6876680645836987,USA,0.8424573814479542,0.34091822703478103
COL,2010,0.5444229065207302,14,0.6473158797551952,USA,0.8525337229733302,0.30811081645259997
COL,2011,0.5535040831567659,14,0.6444091328363941,USA,0.876610191794644,0.32310610863787803
COL,2012,0.5628660788629111,14,0.6232474784627048,USA,0.867519425654757,0.30465334679184597
COL,2013,0.6220332991104012,14,0.5508983807098435,USA,0.8962633140861965,0.27423001497579536
COL,2014,0.643510223591985,14,0.497285098121958,USA,0.8472306054331674,0.20372038184118246
COL,2015,0.6726725006123907,14,0.5133196784953281,USA,0.8574828749133883,0.18481037430099756
COL,2016,0.6507484078791107,14,0.5608483901053634,USA,0.8802550677367319,0.2295066598576212
COL,2017,0.6945812897401894,14,0.504151011796651,USA,0.8729719216306921,0.17839063189050275
COL,2018,0.7126056785562486,14,0.44913544781795356,USA,0.8632547684004078,0.15064908984415926
COL,2019,0.6845735693426025,14,0.4705933514483781,USA,0.8606108535535208,0.17603728421091835
COL,2020,0.7043904875505401,14,0.47465854292095366,USA,0.8644809172155739,0.16009042966503373
COL,2021,0.710260587576236,14,0.46210402291860236,USA,0.8609903562703837,0.15072976869414767
COL,2022,0.6794463576524264,14,0.5232159197469544,USA,0.8651085851480436,0.18566222749561712
COL,2023,0.688089772175707,14,0.5104269464728323,USA,0.8609839557122393,0.1728941835365323
COL,2024,0.6785798534804602,14,0.521712202553189,USA,0.8609431988977787,0.18236334541731847
ECU,2000,0.6367663484958661,14,0.5361091247209596,USA,0.7411319034588448,0.10436555496297872
ECU,2001,0.6030698954741646,14,0.55353840741531,USA,0.6862264680889278,0.08315657261476328
ECU,2002,0.5740717548675764,14,0.5753603382018124,USA,0.6464629243991025,0.07239116953152602
ECU,2003,0.5654157921162689,14,0.5771442631113509,USA,0.6310947436535418,0.06567895153727288
ECU,2004,0.5002905024862287,14,0.6612116147157225,USA,0.671024187430176,0.17073368494394725
ECU,2005,0.4542435896583308,14,0.6843759728923582,USA,0.7047806502944935,0.25053706063616277
ECU,2006,0.4653329116920059,14,0.6803965738673761,USA,0.6773260740572414,0.21199316236523552
ECU,2007,0.5107254607020152,14,0.618964917911888,USA,0.6667140431791044,0.15598858247708924
ECU,2008,0.5378591153480863,14,0.6037874301964858,USA,0.6977558965109757,0.1598967811628894
ECU,2009,0.5827661312873252,14,0.5629669470702189,USA,0.731940727611788,0.14917459632446273
ECU,2010,0.5779128410438372,14,0.5755180066052901,USA,0.6985509058707582,0.12063806482692097
ECU,2011,0.5171979250047675,14,0.6363438390332801,USA,0.7017489024148543,0.18455097741008686
ECU,2012,0.5453730376834817,14,0.5998212395399697,USA,0.6689970535001715,0.1236240158166898
ECU,2013,0.5492784855801702,14,0.5959548361642725,USA,0.6641916832991577,0.11491319771898745
ECU,2014,0.5233711078284614,14,0.6214139796145443,USA,0.6544865659989915,0.13111545817053005
ECU,2015,0.5961479295105361,14,0.5811846664952963,USA,0.7311800168066239,0.13503208729608784
ECU,2016,0.6513704259069593,14,0.5154578526864937,USA,0.7416086046779417,0.09023817877098239
ECU,2017,0.6540988211797658,14,0.5085778085276211,USA,0.7274657260368845,0.07336690485711872
ECU,2018,0.6540821859778789,14,0.4864805237294395,USA,0.7045290483278281,0.05044686234994922
ECU,2019,0.6396377817123751,14,0.46912007630691255,USA,0.7220597605698535,0.08242197885747848
ECU,2020,0.634026059124426,14,0.4182997642483415,USA,0.744813949889236,0.11078789076481
ECU,2021,0.6235733269112319,14,0.44022655295598784,USA,0.7547234204718244,0.13115009356059248
ECU,2022,0.5914051949351222,14,0.46009852206470686,USA,0.7461012773979543,0.15469608246283206
ECU,2023,0.5997224558762414,14,0.42672603774799434,USA,0.7966500849938282,0.19692762911758677
ECU,2024,0.6630371437513527,14,0.3979897104686416,USA,0.8136675382214347,0.15063039447008197
GTM,2000,0.4819718609307831,14,0.6260500801680098,USA,0.4384849655647129,-0.0434868953660702
GTM,2001,0.5284262655136079,14,0.5235708186482797,USA,0.3318304665064268,-0.19659579900718116
GTM,2002,0.4978986642589755,14,0.5773403104251752,USA,0.3776571940570289,-0.12024147020194659
GTM,2003,0.4705823279893863,14,0.5977240445514508,USA,0.3518729942339231,-0.11870933375546322
GTM,2004,0.4953216702573724,14,0.5731682509180476,USA,0.393705510208255,-0.10161616004911739
GTM,2005,0.3383759906062195,14,0.767752027324695,USA,0.4456200650363214,0.10724407443010192
GTM,2006,0.5292033584699647,14,0.5791767823225953,USA,0.4683882748453365,-0.060815083624628175
GTM,2007,0.4540580544724639,14,0.6656826943111529,USA,0.524537863673149,0.07047980920068514
GTM,2008,0.4751306245325688,14,0.6378133627693883,USA,0.5623835781427063,0.08725295361013752
GTM,2009,0.45966915828483595,14,0.6639877821302307,USA,0.5512350642745106,0.09156590598967468
GTM,2010,0.4868791919210423,14,0.6489676509870745,USA,0.601806185132548,0.11492699321150573
GTM,2011,0.4776467743181277,14,0.663843081719677,USA,0.6117710283849552,0.13412425406682754
GTM,2012,0.4609053097185236,14,0.6704806152470071,USA,0.5917611770698594,0.1308558673513358
GTM,2013,0.48996309029433127,14,0.6503675442033824,USA,0.549191065435415,0.05922797514108369
GTM,2014,0.48930522513195573,14,0.644199464221415,USA,0.548214548785349,0.0589093236533933
GTM,2015,0.5120071207521693,14,0.6283864733545891,USA,0.5752618983058302,0.06325477755366093
GTM,2016,0.5040104525437691,14,0.6295434651185753,USA,0.5610048113271396,0.05699435878337056
GTM,2017,0.5057566127296286,14,0.6266441341737718,USA,0.5902370599536326,0.08448044722400405
GTM,2018,0.4732823259265927,14,0.6520376743779916,USA,0.5853129127662602,0.11203058683966749
GTM,2019,0.4927935535806572,14,0.6282847812946067,USA,0.5636046251943136,0.07081107161365646
GTM,2020,0.5135323245362436,14,0.6173127930341682,USA,0.5585952421681613,0.04506291763191761
GTM,2021,0.5214686996005725,14,0.5937418075779988,USA,0.5380278117182565,0.016559112117684016
GTM,2022,0.5430134260630037,14,0.5840634034827922,USA,0.5797686577937048,0.036755231730701055
GTM,2023,0.5043993601339902,14,0.5947145263558434,USA,0.5611773719374719,0.05677801180348163
GTM,2024,0.4974255517252586,14,0.6006713920640959,USA,0.57380704452566,0.07638149280040141
HND,2000,0.33638674798995827,13,0.75232412089062,USA,0.1468632213634801,-0.18952352662647817
HND,2001,0.3251931520968339,13,0.7723223028227723,USA,0.2203361279256213,-0.10485702417121262
HND,2002,0.3485935588723986,14,0.7513912866752486,USA,0.3434869364347444,-0.005106622437654196
HND,2003,0.41064770865804995,14,0.6979720372946352,USA,0.4221560965604494,0.011508387902399442
HND,2004,0.417932954714492,13,0.6793469871281659,USA,0.3956364693594519,-0.022296485355040085
HND,2005,0.4457239050917731,14,0.6575015954406354,USA,0.3560191487686411,-0.08970475632313202
HND,2006,0.3698672281907382,14,0.7372613316387272,USA,0.3797085949766293,0.009841366785891092
HND,2007,0.4580846612481297,14,0.6329043150661177,USA,0.3430593797765969,-0.11502528147153279
HND,2009,0.4601598986021585,14,0.6560968715265408,USA,0.3791540520553029,-0.08100584654685561
HND,2010,0.4993177960446328,14,0.6246366154424684,USA,0.4669682610082475,-0.03234953503638527
HND,2011,0.5264287434059928,14,0.5801904576619659,USA,0.5127228482512314,-0.013705895154761394
HND,2012,0.4460104444581914,14,0.6719260478145967,USA,0.5448967920475013,0.09888634758930992
HND,2014,0.4593458199442853,14,0.6780168909371045,USA,0.5900579762833633,0.130712156339078
HND,2015,0.41649775523170174,14,0.7017640461870903,USA,0.5811641888293422,0.16466643359764044
HND,2016,0.4096383142283001,14,0.7047621149178038,USA,0.5586566918177793,0.14901837758947922
HND,2017,0.40860390942875346,14,0.7041157688433574,USA,0.5783540907079537,0.16975018127920027
HND,2018,0.41945550068692355,14,0.7019363766550728,USA,0.5530362167898784,0.1335807161029548
HND,2019,0.4024573032705977,14,0.693553058784134,USA,0.4093670336162876,0.006909730345689924
HND,2020,0.39045757218551,14,0.7226298793516521,USA,0.4658461434699442,0.07538857128443416
HND,2021,0.39208358366268614,14,0.720516913887513,USA,0.4650089384979827,0.07292535483529655
HND,2023,0.40124211219923767,14,0.7200805426162346,USA,0.4964269896953733,0.09518487749613563
HND,2024,0.41358715293117726,14,0.71152299657097,USA,0.5208543673752005,0.10726721444402326
MEX,2000,0.10149193499609802,14,0.9581589565634431,USA,0.8942292606879972,0.7927373256918993
MEX,2001,0.10837235010815971,14,0.9545977131321609,USA,0.8901634828586252,0.7817911327504655
MEX,2002,0.10194855162511252,14,0.9579384366968817,USA,0.8796042304035605,0.777655678778448
MEX,2003,0.11060511208114983,14,0.9533335093788695,USA,0.8938396611577574,0.7832345490766075
MEX,2004,0.09105676177756786,14,0.963012133979565,USA,0.9096615292794766,0.8186047675019088
MEX,2005,0.1283057531491554,14,0.9449534779525528,USA,0.8867353695118972,0.7584296163627419
MEX,2006,0.14191567705625813,14,0.9379948084543589,USA,0.88094806853228,0.739032391476022
MEX,2007,0.16874170855643308,14,0.9233194459283419,USA,0.8667394541063712,0.6979977455499381
MEX,2008,0.19001118483344615,14,0.9115050082191368,USA,0.8802405270752695,0.6902293422418233
MEX,2009,0.18484760644328635,14,0.9147400599766379,USA,0.8713283350501193,0.686480728606833
MEX,2010,0.20421227960214572,14,0.9037646977704002,USA,0.8631935139692771,0.6589812343671314
MEX,2011,0.22247766125558557,14,0.8923793226134059,USA,0.8425535610870826,0.620075899831497
MEX,2012,0.22432962578157445,14,0.8918108877804198,USA,0.8481100140667259,0.6237803882851515
MEX,2013,0.2104883283113835,14,0.9000349583327769,USA,0.8652093884783758,0.6547210601669923
MEX,2014,0.19713227019709295,14,0.9081674174682915,USA,0.8663758705925892,0.6692436003954962
MEX,2015,0.19057588271311218,14,0.9124040010192599,USA,0.8807890156492096,0.6902131329360974
MEX,2016,0.19061242384767627,14,0.9118814483740579,USA,0.8951153085904762,0.7045028847427999
MEX,2017,0.20730232032216667,14,0.9012807750063832,USA,0.8975143902156228,0.6902120698934562
MEX,2018,0.20496190113025947,14,0.9026921181084048,USA,0.8851512893033846,0.6801893881731251
MEX,2019,0.19031748753109926,14,0.9104669573549732,USA,0.8700846743817622,0.679767186850663
MEX,2020,0.1929603535789836,14,0.9080815849744088,USA,0.885432042136457,0.6924716885574733
MEX,2021,0.19419255742635538,14,0.9080057904284068,USA,0.8937622577190416,0.6995697002926862
MEX,2022,0.1883778174656253,14,0.9110885728767482,USA,0.886871790160509,0.6984939726948837
MEX,2023,0.17157309796008788,14,0.920508659536513,USA,0.8810513322365638,0.7094782342764759
MEX,2024,0.16113188655271352,14,0.9264432167982178,USA,0.8560183596056864,0.6948864730529729
PER,2000,0.7172545256564061,14,0.4673668302527667,USA,0.8552639174322777,0.13800939177587157
PER,2001,0.7405999405808735,14,0.4371813283211517,USA,0.8519340059180092,0.11133406533713563
PER,2002,0.7214776434127336,14,0.4535659855943261,USA,0.8657099539675193,0.1442323105547857
PER,2003,0.7051527948924465,14,0.4691714253199908,USA,0.826092333927831,0.12093953903538446
PER,2004,0.7040397968278724,14,0.4587791939633236,USA,0.8230315182073853,0.11899172137951286
PER,2005,0.6866710318042388,14,0.4652835774452662,USA,0.7915154398032537,0.10484440799901484
PER,2006,0.7448315635895154,14,0.39684818126255034,USA,0.7864617383440682,0.04163017475455277
PER,2007,0.7696302217884246,14,0.3298820993231112,USA,0.7705325028147394,0.000902281026314844
PER,2008,0.7675853061548953,14,0.32721220005113744,USA,0.7930336577461973,0.025448351591301988
PER,2009,0.7610522191256984,14,0.3051698954717592,USA,0.8703449924544039,0.10929277332870546
PER,2010,0.7685827728990078,14,0.3153560968639935,USA,0.8490914546753324,0.08050868177632464
PER,2011,0.7897526749149444,14,0.2750518078998126,CHN,0.8227788318853263,0.033026156970381915
PER,2012,0.788959904184576,14,0.26972716907244326,USA,0.8335144517372238,0.04455454755264787
PER,2013,0.7788771803643546,14,0.30833253375589315,USA,0.8515653931414354,0.07268821277708082
PER,2014,0.7890782313111635,14,0.2904034060869186,CHN,0.8550048885163585,0.06592665720519497
PER,2015,0.767188505492044,14,0.32464744287008507,CHN,0.8837795541839797,0.1165910486919357
PER,2016,0.7182848901621204,14,0.366005118778611,CHN,0.8602542230286642,0.14196933286654378
PER,2017,0.7008927660902743,14,0.40190100039598053,CHN,0.842742535762161,0.14184976967188667
PER,2018,0.6991931260227136,14,0.3998905424029394,CHN,0.848080074955259,0.1488869489325454
PER,2019,0.6965449285767293,14,0.4459067622767538,CHN,0.8585002592288506,0.1619553306521213
PER,2020,0.6837339802284449,14,0.4181719298122524,CHN,0.8662939956320214,0.18256001540357647
PER,2021,0.664146205763959,14,0.4738119157007592,CHN,0.8582760761024193,0.1941298703384603
PER,2022,0.6905179664315333,14,0.4381192746749319,CHN,0.862423610117205,0.17190564368567174
PER,2023,0.6257632285952996,14,0.5113844837366615,CHN,0.8490294205336345,0.22326619193833486
PER,2024,0.6252478152613656,14,0.512824132060129,CHN,0.8625372935905997,0.23728947832923408
