year,method,y_true,y_pred,pi_lo,pi_hi,abs_error,in_interval,country
2015,naive,0.5367951157156985,0.5420252588380796,0.5032142754436706,0.5808362422324886,0.005230143122381126,True,ARG
2015,ets,0.5367951157156985,0.5320614148587663,0.5070578868654922,0.5570649428520404,0.004733700856932144,True,ARG
2015,arima,0.5367951157156985,0.533918432503169,0.513722846736058,0.55411401827028,0.0028766832125295405,True,ARG
2015,bayesian,0.5367951157156985,0.5034746796999032,0.45854290745149684,0.5484064519483096,0.03332043601579526,True,ARG
2015,xgboost,0.5367951157156985,0.5575827956199646,0.5495667542345684,0.5655988370053608,0.02078767990426611,False,ARG
2016,naive,0.5734389881640924,0.5367951157156985,0.4991512503340653,0.5744389810973317,0.036643872448393955,True,ARG
2016,ets,0.5734389881640924,0.5266052914216912,0.502172166215816,0.5510384166275665,0.04683369674240123,False,ARG
2016,arima,0.5734389881640924,0.5279696614861764,0.5085335400493811,0.5474057829229717,0.04546932667791603,False,ARG
2016,bayesian,0.5734389881640924,0.4917031784497221,0.4470966669915544,0.5363096899078897,0.08173580971437033,False,ARG
2016,xgboost,0.5734389881640924,0.5452616214752197,0.5366781133966713,0.5538451295537682,0.028177366688872718,False,ARG
2017,naive,0.606386711017644,0.5734389881640924,0.5356538642484607,0.6112241120797242,0.03294772285355152,True,ARG
2017,ets,0.606386711017644,0.5778037083859824,0.5496568536351589,0.6059505631368058,0.02858300263166158,False,ARG
2017,arima,0.606386711017644,0.5576459188237918,0.534754682928425,0.5805371547191586,0.04874079219385219,False,ARG
2017,bayesian,0.606386711017644,0.5089136482649286,0.4585097480507822,0.5593175484790749,0.09747306275271539,False,ARG
2017,xgboost,0.606386711017644,0.5746565461158752,0.565856931601208,0.5834561606305425,0.03173016490176872,False,ARG
2018,naive,0.5823709560376513,0.606386711017644,0.5688748734631401,0.6438985485721478,0.024015754979992643,True,ARG
2018,ets,0.5823709560376513,0.6217300642366027,0.5927533079100353,0.6507068205631701,0.03935910819895139,False,ARG
2018,arima,0.5823709560376513,0.621248359575377,0.5911655892928577,0.6513311298578964,0.03887740353772573,False,ARG
2018,bayesian,0.5823709560376513,0.5436611524377025,0.4873066862117466,0.6000156186636584,0.0387098035999488,True,ARG
2018,xgboost,0.5823709560376513,0.5944294929504395,0.5833895999302509,0.605469385970628,0.012058536912788131,False,ARG
2019,naive,0.6144153555679495,0.5823709560376513,0.5447169366484095,0.6200249754268932,0.03204439953029814,True,ARG
2019,ets,0.6144153555679495,0.5830676445975136,0.553600235405207,0.6125350537898202,0.03134771097043587,False,ARG
2019,arima,0.6144153555679495,0.5680726741724678,0.5425622346890497,0.5935831136558858,0.0463426813954817,False,ARG
2019,bayesian,0.6144153555679495,0.5545360995193452,0.499121822547205,0.6099503764914855,0.059879256048604224,False,ARG
2019,xgboost,0.6144153555679495,0.5860108137130737,0.5759221548689747,0.5960994725571728,0.02840454185487573,False,ARG
2020,naive,0.6205400096521054,0.6144153555679495,0.5770330729859433,0.6517976381499556,0.006124654084155967,True,ARG
2020,ets,0.6205400096521054,0.6197302335049338,0.5892939011322199,0.6501665658776478,0.0008097761471715925,True,ARG
2020,arima,0.6205400096521054,0.6158993036724458,0.5875643356307158,0.6442342717141759,0.004640705979659598,True,ARG
2020,bayesian,0.6205400096521054,0.5768349871306788,0.5231406783859952,0.6305292958753624,0.043705022521426606,True,ARG
2020,xgboost,0.6205400096521054,0.5831230878829956,0.5725464041079437,0.5936997716580475,0.03741692176910982,False,ARG
2021,naive,0.638855401389572,0.6205400096521054,0.5841017255066678,0.656978293797543,0.018315391737466546,True,ARG
2021,ets,0.638855401389572,0.6249488662961589,0.5952277519403483,0.6546699806519695,0.013906535093413108,True,ARG
2021,arima,0.638855401389572,0.6207956976559028,0.5932296047509269,0.6483617905608787,0.018059703733669163,True,ARG
2021,bayesian,0.638855401389572,0.5840709026218905,0.53149745928052,0.6366443459632611,0.05478449876768143,False,ARG
2021,xgboost,0.638855401389572,0.6155369877815247,0.6047520814268694,0.6263218941361799,0.023318413608047317,False,ARG
2022,naive,0.6704066385025296,0.638855401389572,0.6031749639124001,0.6745358388667438,0.0315512371129576,True,ARG
2022,ets,0.6704066385025296,0.6451334019600329,0.6157722694140539,0.6744945345060118,0.02527323654249669,True,ARG
2022,arima,0.6704066385025296,0.6399736131785251,0.612623977686969,0.6673232486700812,0.030433025324004492,False,ARG
2022,bayesian,0.6704066385025296,0.5895030544344595,0.5360917844901711,0.6429143243787478,0.08090358406807008,False,ARG
2022,xgboost,0.6704066385025296,0.6295855641365051,0.61883083559127,0.6403402926817403,0.040821074366024446,False,ARG
2023,naive,0.6595356295976617,0.6704066385025296,0.6349888307890712,0.7058244462159879,0.010871008904867918,True,ARG
2023,ets,0.6595356295976617,0.6808452656748163,0.6512822270575552,0.7104083042920774,0.021309636077154637,True,ARG
2023,arima,0.6595356295976617,0.6733538539931834,0.645336425242059,0.7013712827443077,0.013818224395521717,True,ARG
2023,bayesian,0.6595356295976617,0.6044812981876173,0.546668115195861,0.6622944811793736,0.055054331410044344,True,ARG
2023,xgboost,0.6595356295976617,0.6327248811721802,0.6208599428844507,0.6445898194599097,0.02681074842548148,False,ARG
2024,naive,0.628338559546497,0.6595356295976617,0.6245027353304513,0.694568523864872,0.031197070051164677,True,ARG
2024,ets,0.628338559546497,0.6655156525924194,0.6361386280088406,0.6948926771759982,0.03717709304592243,False,ARG
2024,arima,0.628338559546497,0.6585767941246918,0.6309773017012256,0.6861762865481581,0.030238234578194856,False,ARG
2024,bayesian,0.628338559546497,0.6229493423794968,0.5636641512385338,0.6822345335204599,0.005389217167000138,True,ARG
2024,xgboost,0.628338559546497,0.6526705026626587,0.6409799576299657,0.6643610476953516,0.024331943116161714,False,ARG
2015,naive,0.6007534829182598,0.5717093381528836,0.5065512342385602,0.636867442067207,0.0290441447653762,True,BOL
2015,ets,0.6007534829182598,0.5730699417514844,0.5203622897417665,0.6257775937612023,0.027683541166775405,True,BOL
2015,arima,0.6007534829182598,0.5606994715207829,0.4962782234789981,0.6251207195625678,0.040054011397476885,True,BOL
2015,bayesian,0.6007534829182598,0.6376651010252821,0.5798251207111025,0.6955050813394617,0.03691161810702226,True,BOL
2015,xgboost,0.6007534829182598,0.5784150958061218,0.5664140012655672,0.5904161903466765,0.02233838711213798,False,BOL
2016,naive,0.6818937436101499,0.6007534829182598,0.536694687492392,0.6648122783441276,0.08114026069189006,False,BOL
2016,ets,0.6818937436101499,0.5914761985092678,0.540147809001269,0.6428045880172666,0.09041754510088207,False,BOL
2016,arima,0.6818937436101499,0.5919413361353688,0.5283994019364586,0.655483270334279,0.08995240747478106,False,BOL
2016,bayesian,0.6818937436101499,0.6504286126978636,0.5938581133780261,0.706999112017701,0.03146513091228631,True,BOL
2016,xgboost,0.6818937436101499,0.580523669719696,0.5673235042594265,0.5937238351799656,0.10137007389045383,False,BOL
2017,naive,0.6572575747155127,0.6818937436101499,0.6142807012588276,0.7495067859614721,0.024636168894637156,True,BOL
2017,ets,0.6572575747155127,0.6487830080210759,0.5938237771982595,0.7037422388438923,0.008474566694436803,True,BOL
2017,arima,0.6572575747155127,0.6787782913954331,0.6112521595107469,0.7463044232801194,0.021520716679920393,True,BOL
2017,bayesian,0.6572575747155127,0.7002560800672377,0.6456116834648906,0.7549004766695848,0.042998505351725,True,BOL
2017,xgboost,0.6572575747155127,0.6601228713989258,0.6445136923922239,0.6757320504056277,0.0028652966834130655,True,BOL
2018,naive,0.6558501580233187,0.6572575747155127,0.5912506607500595,0.7232644886809659,0.001407416692194019,True,BOL
2018,ets,0.6558501580233187,0.6658745312699799,0.6123479461314953,0.7194011164084644,0.010024373246661167,True,BOL
2018,arima,0.6558501580233187,0.6525961769396882,0.586772754765782,0.7184195991135944,0.0032539810836305083,True,BOL
2018,bayesian,0.6558501580233187,0.7195479681233045,0.6651199007008699,0.773976035545739,0.06369781009998576,False,BOL
2018,xgboost,0.6558501580233187,0.6524097323417664,0.6373570156084958,0.6674624490750369,0.0034404256815523393,True,BOL
2019,naive,0.6694323987136559,0.6558501580233187,0.5917029326825586,0.7199973833640788,0.0135822406903372,True,BOL
2019,ets,0.6694323987136559,0.6707087593810909,0.6183355251968682,0.7230819935653136,0.0012763606674349726,True,BOL
2019,arima,0.6694323987136559,0.6514232566103829,0.5874473594915093,0.7153991537292566,0.01800914210327298,True,BOL
2019,bayesian,0.6694323987136559,0.729331906693989,0.6730794636107533,0.7855843497772246,0.059899507980333055,False,BOL
2019,xgboost,0.6694323987136559,0.6517919898033142,0.6372704860193896,0.6663134935872388,0.017640408910341687,False,BOL
2020,naive,0.7196681600079001,0.6694323987136559,0.6068446063329418,0.73202019109437,0.05023576129424423,True,BOL
2020,ets,0.7196681600079001,0.6773933986062391,0.6262369588324201,0.7285498383800582,0.042274761401660976,True,BOL
2020,arima,0.7196681600079001,0.666097889166486,0.603618066747342,0.7285777115856301,0.05357027084141408,True,BOL
2020,bayesian,0.7196681600079001,0.7401822004569465,0.6826537272510345,0.7977106736628585,0.020514040449046367,True,BOL
2020,xgboost,0.7196681600079001,0.6605622172355652,0.6460575818644342,0.6750668526066962,0.05910594277233494,False,BOL
2021,naive,0.7495286430626209,0.7196681600079001,0.6570201744172814,0.7823161455985188,0.029860483054720777,True,BOL
2021,ets,0.7495286430626209,0.7066411747025352,0.6559615591670056,0.7573207902380648,0.04288746836008572,True,BOL
2021,arima,0.7495286430626209,0.7197052404164114,0.6570204471029085,0.7823900337299142,0.02982340264620953,True,BOL
2021,bayesian,0.7495286430626209,0.7686487533327886,0.7125131290702594,0.8247843775953178,0.01912011027016769,True,BOL
2021,xgboost,0.7495286430626209,0.6908422708511353,0.6756824623306471,0.7060020793716234,0.05868637221148565,False,BOL
2022,naive,0.7426506684811005,0.7495286430626209,0.6879102627949809,0.8111470233302609,0.006877974581520396,True,BOL
2022,ets,0.7426506684811005,0.7421260173253829,0.691822378533744,0.7924296561170218,0.0005246511557176481,True,BOL
2022,arima,0.7426506684811005,0.7516718666765767,0.6899700211326054,0.813373712220548,0.009021198195476199,True,BOL
2022,bayesian,0.7426506684811005,0.7998664248292906,0.745080108814659,0.8546527408439222,0.057215756348190094,False,BOL
2022,xgboost,0.7426506684811005,0.7263053059577942,0.7109827780513207,0.7416278338642677,0.016345362523306317,False,BOL
2023,naive,0.7445107285906875,0.7426506684811005,0.6823904592086237,0.8029108777535773,0.0018600601095869473,True,BOL
2023,ets,0.7445107285906875,0.7560140060183783,0.7067056479996094,0.8053223640371472,0.011503277427690861,True,BOL
2023,arima,0.7445107285906875,0.7441622565724249,0.6838321112078469,0.8044924019370028,0.0003484720182626022,True,BOL
2023,bayesian,0.7445107285906875,0.8176188196523829,0.761874174077038,0.8733634652277279,0.07310809106169547,False,BOL
2023,xgboost,0.7445107285906875,0.7384634613990784,0.7232275804218139,0.7536993423763428,0.006047267191609085,True,BOL
2024,naive,0.7178263065470624,0.7445107285906875,0.6855747494636396,0.8034467077177353,0.02668442204362509,True,BOL
2024,ets,0.7178263065470624,0.7603640229805795,0.7117797581468867,0.8089482878142723,0.042537716433517114,True,BOL
2024,arima,0.7178263065470624,0.7460481047120215,0.6870439898206224,0.8050522196034207,0.028221798164959178,True,BOL
2024,bayesian,0.7178263065470624,0.8292051399397231,0.7712429431245053,0.887167336754941,0.11137883339266075,False,BOL
2024,xgboost,0.7178263065470624,0.7406845092773438,0.726079328462558,0.7552896900921295,0.022858202730281385,False,BOL
2015,naive,0.7290722483532568,0.7250992076533691,0.661581104714437,0.7886173105923012,0.003973040699887687,True,BRA
2015,ets,0.7290722483532568,0.6848379448155163,0.6276256310229353,0.7420502586080973,0.044234303537740494,True,BRA
2015,arima,0.7290722483532568,0.7008297127396311,0.6655652512187376,0.7360941742605247,0.028242535613625663,True,BRA
2015,bayesian,0.7290722483532568,0.692669023404605,0.632611575304558,0.752726471504652,0.03640322494865178,True,BRA
2015,xgboost,0.7290722483532568,0.6969361305236816,0.6880414474664838,0.7058308135808795,0.03213611782957515,False,BRA
2016,naive,0.723133073170102,0.7290722483532568,0.667692786580471,0.7904517101260425,0.005939175183154788,True,BRA
2016,ets,0.723133073170102,0.6941486339485939,0.6373631044440378,0.7509341634531501,0.028984439221508063,True,BRA
2016,arima,0.723133073170102,0.7196253603271643,0.684431045655208,0.7548196749991206,0.003507712842937716,True,BRA
2016,bayesian,0.723133073170102,0.697977798090124,0.6392564327341569,0.756699163446091,0.025155275079978057,True,BRA
2016,xgboost,0.723133073170102,0.7248365879058838,0.7158713396941978,0.7338018361175698,0.001703514735781786,True,BRA
2017,naive,0.7008181668292767,0.723133073170102,0.6635465938612407,0.7827195524789633,0.022314906340825336,True,BRA
2017,ets,0.7008181668292767,0.7002571170564555,0.6445893634651685,0.7559248706477426,0.0005610497728211206,True,BRA
2017,arima,0.7008181668292767,0.7219225550481192,0.6879886293004337,0.7558564807958047,0.02110438821884253,True,BRA
2017,bayesian,0.7008181668292767,0.7003242153243459,0.6364569510497996,0.7641914795988921,0.0004939515049308119,True,BRA
2017,xgboost,0.7008181668292767,0.7247946858406067,0.7157385383465682,0.7338508333346452,0.023976519011330022,False,BRA
2018,naive,0.7362670260376168,0.7008181668292767,0.6423348921602012,0.7593014414983521,0.03544885920834018,True,BRA
2018,ets,0.7362670260376168,0.7003274218725554,0.6462278765649471,0.7544269671801637,0.03593960416506148,True,BRA
2018,arima,0.7362670260376168,0.7089224601628104,0.6754201823037089,0.7424247380219118,0.027344565874806492,True,BRA
2018,bayesian,0.7362670260376168,0.7004700277356689,0.6388931590050286,0.7620468964663092,0.035796998301947935,True,BRA
2018,xgboost,0.7362670260376168,0.7120950818061829,0.700352294752837,0.7238378688595287,0.024171944231433984,False,BRA
2019,naive,0.7997127265754365,0.7362670260376168,0.6787490171927771,0.7937850348824566,0.06344570053781962,False,BRA
2019,ets,0.7997127265754365,0.7076575689610698,0.6541489237906293,0.7611662141315103,0.09205515761436667,False,BRA
2019,arima,0.7997127265754365,0.7252882955635009,0.6916984112854891,0.7588781798415127,0.07442443101193552,False,BRA
2019,bayesian,0.7997127265754365,0.704044027064282,0.6488062136606076,0.7592818404679564,0.09566869951115442,False,BRA
2019,xgboost,0.7997127265754365,0.7263886332511902,0.7145211582416399,0.7382561082607405,0.07332409332424628,False,BRA
2020,naive,0.7837175142843193,0.7997127265754365,0.741447142495052,0.857978310655821,0.01599521229111711,True,BRA
2020,ets,0.7837175142843193,0.7261005189179532,0.6687461568819313,0.7834548809539752,0.05761699536636611,False,BRA
2020,arima,0.7837175142843193,0.7749135988671102,0.7350681929721036,0.8147590047621168,0.008803915417209152,True,BRA
2020,bayesian,0.7837175142843193,0.7219661371433685,0.6600177160976364,0.7839145581891007,0.0617513771409508,True,BRA
2020,xgboost,0.7837175142843193,0.7607131600379944,0.7440286405635804,0.7773976795124083,0.023004354246324965,False,BRA
2021,naive,0.7947779889011681,0.7837175142843193,0.7264650597649638,0.8409699688036749,0.011060474616848781,True,BRA
2021,ets,0.7947779889011681,0.7385018752451165,0.6806443233573829,0.79635942713285,0.056276113656051674,True,BRA
2021,arima,0.7947779889011681,0.7814650057872384,0.7426662076058336,0.8202638039686433,0.0133129831139297,True,BRA
2021,bayesian,0.7947779889011681,0.7532217197913382,0.6885367432899275,0.8179066962927489,0.0415562691098299,True,BRA
2021,xgboost,0.7947779889011681,0.7766485214233398,0.7604973680692885,0.7927996747773912,0.018129467477828287,False,BRA
2022,naive,0.795438032421766,0.7947779889011681,0.738901592160399,0.8506543856419373,0.0006600435205978972,True,BRA
2022,ets,0.795438032421766,0.7934536546223911,0.7413808321306151,0.8455264771141672,0.0019843777993748812,True,BRA
2022,arima,0.795438032421766,0.7908181099520042,0.7528565704786034,0.8287796494254049,0.004619922469761839,True,BRA
2022,bayesian,0.795438032421766,0.77999433271787,0.7154739006889825,0.8445147647467575,0.01544369970389603,True,BRA
2022,xgboost,0.795438032421766,0.7845485210418701,0.768676194047804,0.8004208480359363,0.010889511379895911,True,BRA
2023,naive,0.775769516416264,0.795438032421766,0.7408029856712007,0.8500730791723313,0.019668516005502013,True,BRA
2023,ets,0.775769516416264,0.7953768489443512,0.7444450442755965,0.8463086536131059,0.019607332528087218,True,BRA
2023,arima,0.775769516416264,0.7940548335079117,0.7570310104028823,0.8310786566129411,0.018285317091647713,True,BRA
2023,bayesian,0.775769516416264,0.7981737874456739,0.7349397132762574,0.8614078616150904,0.022404271029409895,True,BRA
2023,xgboost,0.775769516416264,0.7869910597801208,0.7715440771278029,0.8024380424324388,0.011221543363856834,True,BRA
2024,naive,0.7822982259117669,0.775769516416264,0.7218327596263888,0.8297062732061392,0.006528709495502882,True,BRA
2024,ets,0.7822982259117669,0.7793629746949806,0.7292569579660192,0.829468991423942,0.002935251216786283,True,BRA
2024,arima,0.7822982259117669,0.7814043667307642,0.7449148459181849,0.8178938875433435,0.0008938591810027097,True,BRA
2024,bayesian,0.7822982259117669,0.8019765378920664,0.7396799766555584,0.8642730991285743,0.019678311980299457,True,BRA
2024,xgboost,0.7822982259117669,0.781875729560852,0.7663858315814353,0.7973656275402689,0.00042249635091484716,True,BRA
2015,naive,0.8420853525797729,0.8236031306446692,0.7960698336841247,0.8511364276052137,0.018482221935103738,True,CHL
2015,ets,0.8420853525797729,0.8112562269311432,0.7877501287816233,0.8347623250806631,0.03082912564862972,False,CHL
2015,arima,0.8420853525797729,0.8237577376964186,0.7962204037749123,0.8512950716179248,0.018327614883354326,True,CHL
2015,bayesian,0.8420853525797729,0.8077158019202967,0.7774692597445118,0.8379623440960816,0.03436955065947622,False,CHL
2015,xgboost,0.8420853525797729,0.8179966807365417,0.8141022873214159,0.8218910741516676,0.024088671843231158,False,CHL
2016,naive,0.8396510275956008,0.8420853525797729,0.8148675934983072,0.8693031116612386,0.002434324984172065,True,CHL
2016,ets,0.8396510275956008,0.8158753008271474,0.7915092305193068,0.8402413711349881,0.02377572676845341,True,CHL
2016,arima,0.8396510275956008,0.8434567111776359,0.8162143135680466,0.8706991087872251,0.0038056835820350354,True,CHL
2016,bayesian,0.8396510275956008,0.8231663584662219,0.7926286937782027,0.8537040231542411,0.01648466912937896,True,CHL
2016,xgboost,0.8396510275956008,0.8386715650558472,0.8340510639535285,0.8432920661581659,0.0009794625397536727,True,CHL
2017,naive,0.8297448742282009,0.8396510275956008,0.8132671895921113,0.8660348655990904,0.009906153367399972,True,CHL
2017,ets,0.8297448742282009,0.8196514001157431,0.7951528183304856,0.8441499819010007,0.010093474112457756,True,CHL
2017,arima,0.8297448742282009,0.8407778603320798,0.8143741410180215,0.8671815796461381,0.011032986103878928,True,CHL
2017,bayesian,0.8297448742282009,0.8298390929368891,0.8001967103936665,0.8594814754801117,9.421870868819848e-05,True,CHL
2017,xgboost,0.8297448742282009,0.8376848101615906,0.8332569704558094,0.8421126498673718,0.007939935933389708,False,CHL
2018,naive,0.8306264085660057,0.8297448742282009,0.8039231492264345,0.8555665992299673,0.0008815343378048013,True,CHL
2018,ets,0.8306264085660057,0.8219277031798196,0.7980313801993161,0.845824026160323,0.008698705386186112,True,CHL
2018,arima,0.8306264085660057,0.8302119698682127,0.804381561785861,0.8560423779505644,0.000414438697793007,True,CHL
2018,bayesian,0.8306264085660057,0.8307253243240756,0.8020316668089004,0.8594189818392509,9.891575806997288e-05,True,CHL
2018,xgboost,0.8306264085660057,0.8354864716529846,0.8309375245954542,0.840035418710515,0.00486006308697895,False,CHL
2019,naive,0.818770168778807,0.8306264085660057,0.8055321603611144,0.8557206567708969,0.01185623978719863,True,CHL
2019,ets,0.818770168778807,0.822983827198699,0.7996143525803734,0.8463533018170246,0.0042136584198919635,True,CHL
2019,arima,0.818770168778807,0.8311167074430853,0.8060137678531561,0.8562196470330145,0.012346538664278262,True,CHL
2019,bayesian,0.818770168778807,0.8317422108378966,0.8039418556184864,0.8595425660573067,0.012972042059089528,True,CHL
2019,xgboost,0.818770168778807,0.8361192345619202,0.8314660015190762,0.8407724676047641,0.017349065783113127,False,CHL
2020,naive,0.8135462292809685,0.818770168778807,0.7940809187018304,0.8434594188557837,0.005223939497838503,True,CHL
2020,ets,0.8135462292809685,0.8213506325122635,0.7985472326016744,0.8441540324228526,0.007804403231294943,True,CHL
2020,arima,0.8135462292809685,0.8165136727037088,0.7984651561322291,0.8345621892751884,0.0029674434227402458,True,CHL
2020,bayesian,0.8135462292809685,0.8289324077928554,0.8016748623215356,0.8561899532641751,0.015386178511886839,True,CHL
2020,xgboost,0.8135462292809685,0.8273770213127136,0.8219996308321248,0.8327544117933025,0.013830792031745087,False,CHL
2021,naive,0.7798476355479782,0.8135462292809685,0.7894367201532334,0.8376557384087037,0.033698593732990334,False,CHL
2021,ets,0.7798476355479782,0.8188070853698884,0.7964683780777922,0.8411457926619846,0.03895944982191024,False,CHL
2021,arima,0.7798476355479782,0.8121661456216597,0.7946017359329628,0.8297305553103566,0.03231851007368147,False,CHL
2021,bayesian,0.7798476355479782,0.82497101346651,0.7981119981064605,0.8518300288265596,0.045123377918531826,False,CHL
2021,xgboost,0.7798476355479782,0.8239102363586426,0.8182715974270356,0.8295488752902496,0.044062600810664376,False,CHL
2022,naive,0.817259106712228,0.7798476355479782,0.7546046364929582,0.8050906346029982,0.03741147116424981,False,CHL
2022,ets,0.817259106712228,0.8081131398608806,0.7843964855487803,0.831829794172981,0.009145966851347387,True,CHL
2022,arima,0.817259106712228,0.7780255483622828,0.752802842230577,0.8032482544939885,0.03923355834994524,False,CHL
2022,bayesian,0.817259106712228,0.8099631690137652,0.7811573567348881,0.8387689812926423,0.007295937698462818,True,CHL
2022,xgboost,0.817259106712228,0.7916268110275269,0.783694178965272,0.7995594430897817,0.025632295684701156,False,CHL
2023,naive,0.8196408418725654,0.817259106712228,0.7904680933104571,0.8440501201139989,0.0023817351603373504,True,CHL
2023,ets,0.8196408418725654,0.8077328043043324,0.7844294275678181,0.8310361810408466,0.011908037568232999,True,CHL
2023,arima,0.8196408418725654,0.816993649383423,0.7902058826726395,0.8437814160942065,0.002647192489142358,True,CHL
2023,bayesian,0.8196408418725654,0.8112092499312156,0.7830439615360694,0.8393745383263618,0.008431591941349792,True,CHL
2023,xgboost,0.8196408418725654,0.8122230172157288,0.804124916259019,0.8203211181724385,0.007417824656836602,True,CHL
2024,naive,0.7850695001957573,0.8196408418725654,0.7934312745823581,0.8458504091627727,0.03457134167680809,False,CHL
2024,ets,0.7850695001957573,0.8089947398088736,0.7860157382538038,0.8319737413639434,0.023925239613116323,False,CHL
2024,arima,0.7850695001957573,0.8194862945110885,0.7932781952044792,0.8456943938176977,0.03441679431533118,False,CHL
2024,bayesian,0.7850695001957573,0.8131624783618973,0.7855895107211239,0.8407354460026706,0.02809297816613998,False,CHL
2024,xgboost,0.7850695001957573,0.8193174600601196,0.8111253000787276,0.8275096200415116,0.034247959864362354,False,CHL
2015,naive,0.8574828749133883,0.8472306054331674,0.8077667201886501,0.8866944906776847,0.010252269480220844,True,COL
2015,ets,0.8574828749133883,0.8563007875753136,0.8231418255769889,0.8894597495736383,0.0011820873380746777,True,COL
2015,arima,0.8574828749133883,0.8472306054331674,0.8123306258242714,0.8821305850420634,0.010252269480220844,True,COL
2015,bayesian,0.8574828749133883,0.9090338569179832,0.8576840369418113,0.9603836768941552,0.05155098200459496,False,COL
2015,xgboost,0.8574828749133883,0.8732919692993164,0.8688082563880649,0.8777756822105679,0.015809094385928146,False,COL
2016,naive,0.8802550677367319,0.8574828749133883,0.8191897504200474,0.8957759994067291,0.02277219282334364,True,COL
2016,ets,0.8802550677367319,0.8500267677910305,0.8178901055069489,0.8821634300751121,0.03022829994570142,True,COL
2016,arima,0.8802550677367319,0.8574828749133883,0.823669480036644,0.8912962697901325,0.02277219282334364,True,COL
2016,bayesian,0.8802550677367319,0.8965228276290468,0.8440118663296038,0.9490337889284898,0.01626775989231488,True,COL
2016,xgboost,0.8802550677367319,0.8635168075561523,0.8581926135244724,0.8688410015878323,0.016738260180579556,False,COL
2017,naive,0.8729719216306921,0.8802550677367319,0.8424998373831089,0.918010298090355,0.007283146106039751,True,COL
2017,ets,0.8729719216306921,0.8812310018734266,0.8445932433963963,0.917868760350457,0.008259080242734473,True,COL
2017,arima,0.8729719216306921,0.8802550677367319,0.8467308731259705,0.9137792623474933,0.007283146106039751,True,COL
2017,bayesian,0.8729719216306921,0.9003354228026257,0.8493066076514811,0.9513642379537702,0.027363501171933535,True,COL
2017,xgboost,0.8729719216306921,0.8671648502349854,0.8618940495546722,0.8724356509152985,0.005807071395706798,False,COL
2018,naive,0.8632547684004078,0.8729719216306921,0.8362537864879341,0.9096900567734502,0.009717153230284326,True,COL
2018,ets,0.8632547684004078,0.8734973799417387,0.8378090878767284,0.909185672006749,0.010242611541330882,True,COL
2018,arima,0.8632547684004078,0.8729719216306921,0.840428298468947,0.9055155447924373,0.009717153230284326,True,COL
2018,bayesian,0.8632547684004078,0.897633340023442,0.8474953753023183,0.9477713047445656,0.03437857162303415,True,COL
2018,xgboost,0.8632547684004078,0.8830423355102539,0.877841751550406,0.8882429194701018,0.019787567109846083,False,COL
2019,naive,0.8606108535535208,0.8632547684004078,0.8274392512237713,0.8990702855770444,0.0026439148468869744,True,COL
2019,ets,0.8606108535535208,0.8632551995775202,0.8283949007592727,0.8981154983957677,0.002644346023999322,True,COL
2019,arima,0.8606108535535208,0.8632547684004078,0.831538487838717,0.8949710489620987,0.0026439148468869744,True,COL
2019,bayesian,0.8606108535535208,0.8899768943124414,0.8402829126090003,0.9396708760158825,0.029366040758920575,True,COL
2019,xgboost,0.8606108535535208,0.8779644966125488,0.8719313578223523,0.8839976354027453,0.01735364305902798,False,COL
2020,naive,0.8644809172155739,0.8606108535535208,0.8257413372681331,0.8954803698389086,0.0038700636620530027,True,COL
2020,ets,0.8644809172155739,0.8600548950738028,0.8299030530953646,0.8902067370522411,0.004426022141771013,True,COL
2020,arima,0.8644809172155739,0.8606108535535208,0.8297774411749231,0.8914442659321186,0.0038700636620530027,True,COL
2020,bayesian,0.8644809172155739,0.882680221292856,0.8337330353200803,0.9316274072656316,0.018199304077282097,True,COL
2020,xgboost,0.8644809172155739,0.8650465607643127,0.8590858310529585,0.8710072904756669,0.0005656435487388922,True,COL
2021,naive,0.8609903562703837,0.8644809172155739,0.8304772632213304,0.8984845712098173,0.00349056094519018,True,COL
2021,ets,0.8609903562703837,0.864538903279974,0.8313542882826759,0.897723518277272,0.003548547009590286,True,COL
2021,arima,0.8609903562703837,0.8644809172155739,0.834447946624517,0.8945138878066307,0.00349056094519018,True,COL
2021,bayesian,0.8609903562703837,0.8784365961601861,0.8306887852872048,0.9261844070331674,0.01744623988980243,True,COL
2021,xgboost,0.8609903562703837,0.8647705912590027,0.8584684298482274,0.871072752669778,0.0037802349886190134,True,COL
2022,naive,0.8651085851480436,0.8609903562703837,0.8277908401986168,0.8941898723421505,0.004118228877659891,True,COL
2022,ets,0.8651085851480436,0.860259519140434,0.8314652010989352,0.8890538371819328,0.004849066007609593,True,COL
2022,arima,0.8651085851480436,0.8609903562703837,0.8317004439281982,0.8902802686125691,0.004118228877659891,True,COL
2022,bayesian,0.8651085851480436,0.8734139626006807,0.8268168273158881,0.9200110978854733,0.008305377452637153,True,COL
2022,xgboost,0.8651085851480436,0.863597571849823,0.8572593658369474,0.8699357778626986,0.0015110132982205648,True,COL
2023,naive,0.8609839557122393,0.8651085851480436,0.8326540375946802,0.897563132701407,0.004124629435804272,True,COL
2023,ets,0.8609839557122393,0.8651860782792017,0.8334443351885608,0.8969278213698426,0.004202122566962396,True,COL
2023,arima,0.8609839557122393,0.8651085851480436,0.8365011993836613,0.8937159709124258,0.004124629435804272,True,COL
2023,bayesian,0.8609839557122393,0.8707366154710342,0.8254306507435716,0.9160425801984968,0.009752659758794913,True,COL
2023,xgboost,0.8609839557122393,0.8640763759613037,0.8576563071405262,0.8704964447820812,0.0030924202490644204,True,COL
2024,naive,0.8609431988977787,0.8609839557122393,0.8292225021786088,0.8927454092458698,4.075681446058521e-05,True,COL
2024,ets,0.8609431988977787,0.8617444888330014,0.8341006097223218,0.8893883679436809,0.0008012899352226599,True,COL
2024,arima,0.8609431988977787,0.8609839557122393,0.8330149157216793,0.8889529957027993,4.075681446058521e-05,True,COL
2024,bayesian,0.8609431988977787,0.8668788944368543,0.822753120595606,0.9110046682781026,0.0059356955390755806,True,COL
2024,xgboost,0.8609431988977787,0.8632797002792358,0.8568854495082195,0.8696739510502521,0.0023365013814571345,True,COL
2015,naive,0.7311800168066239,0.6544865659989915,0.6164324129524622,0.6925407190455207,0.07669345080763246,False,ECU
2015,ets,0.7311800168066239,0.6777215793471035,0.6403097712581806,0.7151333874360265,0.05345843745952039,False,ECU
2015,arima,0.7311800168066239,0.6478304854828656,0.6100006083950197,0.6856603625707115,0.08334953132375833,False,ECU
2015,bayesian,0.7311800168066239,0.68160948659539,0.6423064019308613,0.7209125712599187,0.04957053021123392,False,ECU
2015,xgboost,0.7311800168066239,0.6644130945205688,0.6597599310258112,0.6690662580153265,0.06676692228605507,False,ECU
2016,naive,0.7416086046779417,0.7311800168066239,0.6858629242711418,0.776497109342106,0.01042858787131773,True,ECU
2016,ets,0.7416086046779417,0.6899639875058388,0.6507103527670152,0.7292176222446624,0.05164461717210289,False,ECU
2016,arima,0.7416086046779417,0.7294365967519045,0.6841613835535184,0.7747118099502907,0.01217200792603712,True,ECU
2016,bayesian,0.7416086046779417,0.6880452354031302,0.6467739651981915,0.7293165056080689,0.05356336927481142,False,ECU
2016,xgboost,0.7416086046779417,0.7206487059593201,0.7142698352125392,0.727027576706101,0.020959898718621583,False,ECU
2017,naive,0.7274657260368845,0.7416086046779417,0.6975957973461766,0.7856214120097067,0.014142878641057122,True,ECU
2017,ets,0.7274657260368845,0.7024610619569766,0.6618184138798637,0.7431037100340894,0.02500466407990798,True,ECU
2017,arima,0.7274657260368845,0.7407155279975955,0.6967171230301007,0.7847139329650904,0.013249801960711016,True,ECU
2017,bayesian,0.7274657260368845,0.7001904454085857,0.6557422444229839,0.7446386463941874,0.02727528062829887,True,ECU
2017,xgboost,0.7274657260368845,0.6913850903511047,0.6842208979615062,0.6985492827407033,0.036080635685779794,False,ECU
2018,naive,0.7045290483278281,0.7274657260368845,0.6845536763201444,0.7703777757536246,0.022936677709056386,True,ECU
2018,ets,0.7045290483278281,0.7093284208390074,0.6692577780757749,0.7493990636022398,0.004799372511179234,True,ECU
2018,arima,0.7045290483278281,0.7257062423727278,0.6828367505264812,0.7685757342189745,0.021177194044899705,True,ECU
2018,bayesian,0.7045290483278281,0.7151385577548885,0.6697531854917191,0.760523930018058,0.010609509427060404,True,ECU
2018,xgboost,0.7045290483278281,0.7137451171875,0.7062380180578317,0.7212522163171683,0.009216068859671855,False,ECU
2019,naive,0.7220597605698535,0.7045290483278281,0.6623229119223374,0.7467351847333189,0.017530712242025404,True,ECU
2019,ets,0.7220597605698535,0.710180678963701,0.6711581249808483,0.7492032329465537,0.011879081606152586,True,ECU
2019,arima,0.7220597605698535,0.7015659842012484,0.6594458970565535,0.7436860713459432,0.020493776368605165,True,ECU
2019,bayesian,0.7220597605698535,0.7110728382766152,0.6669695888567035,0.7551760876965268,0.010986922293238388,True,ECU
2019,xgboost,0.7220597605698535,0.6992394328117371,0.6919853163011246,0.7064935493223495,0.022820327758116488,False,ECU
2020,naive,0.744813949889236,0.7220597605698535,0.6805995486290041,0.763519972510703,0.022754189319382445,True,ECU
2020,ets,0.744813949889236,0.7142566597737202,0.6760977180051232,0.7524156015423172,0.03055729011551578,True,ECU
2020,arima,0.744813949889236,0.7201664941872791,0.6787532587647445,0.7615797296098137,0.024647455701956922,True,ECU
2020,bayesian,0.744813949889236,0.7181336666366378,0.6744824260220983,0.7617849072511773,0.02668028325259819,True,ECU
2020,xgboost,0.744813949889236,0.7183277010917664,0.7111475203275098,0.7255078818560229,0.026486248797469636,False,ECU
2021,naive,0.7547234204718244,0.744813949889236,0.7038622865601867,0.7857656132182853,0.009909470582588398,True,ECU
2021,ets,0.7547234204718244,0.7218342869545893,0.6837930802845235,0.7598754936246551,0.0328891335172351,True,ECU
2021,arima,0.7547234204718244,0.744813949889236,0.7060305587954452,0.7835973409830268,0.009909470582588398,True,ECU
2021,bayesian,0.7547234204718244,0.7344973495494168,0.6908997363981869,0.7780949627006467,0.02022607092240758,True,ECU
2021,xgboost,0.7547234204718244,0.7302228212356567,0.721956003583129,0.7384896388881845,0.024500599236167653,False,ECU
2022,naive,0.7461012773979543,0.7547234204718244,0.7146706404349089,0.7947762005087399,0.008622143073870103,True,ECU
2022,ets,0.7461012773979543,0.7299191760799927,0.6918571437295117,0.7679812084304737,0.016182101317961606,True,ECU
2022,arima,0.7461012773979543,0.7547234204718244,0.7168157170399714,0.7926311239036774,0.008622143073870103,True,ECU
2022,bayesian,0.7461012773979543,0.7497622769003409,0.7068473918271527,0.7926771619735291,0.0036609995023866304,True,ECU
2022,xgboost,0.7461012773979543,0.7207465767860413,0.7115868732862983,0.7299062802857842,0.025354700611913028,False,ECU
2023,naive,0.7966500849938282,0.7461012773979543,0.7068912141578638,0.7853113406380448,0.05054880759587388,False,ECU
2023,ets,0.7966500849938282,0.7352702535642458,0.6978341837493941,0.7727063233790975,0.061379831429582365,False,ECU
2023,arima,0.7966500849938282,0.7461012773979543,0.70902883428614,0.7831737205097685,0.05054880759587388,False,ECU
2023,bayesian,0.7966500849938282,0.75637792949511,0.7143996369089464,0.7983562220812735,0.04027215549871821,True,ECU
2023,xgboost,0.7966500849938282,0.7430759072303772,0.7337438329009958,0.7524079815597586,0.05357417776345097,False,ECU
2024,naive,0.8136675382214347,0.7966500849938282,0.7561091493333237,0.8371910206543326,0.017017453227606505,True,ECU
2024,ets,0.8136675382214347,0.7479635380361543,0.7084466872488685,0.7874803888234402,0.06570400018528033,False,ECU
2024,arima,0.8136675382214347,0.7988398077016478,0.7582577182591829,0.8394218971441126,0.01482773051978692,True,ECU
2024,bayesian,0.8136675382214347,0.780480163691769,0.7385481978582387,0.8224121295252993,0.03318737452966569,True,ECU
2024,xgboost,0.8136675382214347,0.7769325375556946,0.766779353906524,0.7870857212048652,0.03673500066574009,False,ECU
2015,naive,0.5752618983058302,0.548214548785349,0.49108090392335013,0.6053481936473479,0.027047349520481156,True,GTM
2015,ets,0.5752618983058302,0.6157166967054868,0.5576941970515267,0.6737391963594469,0.0404547983996566,True,GTM
2015,arima,0.5752618983058302,0.548214548785349,0.5014529675119869,0.5949761300587112,0.027047349520481156,True,GTM
2015,bayesian,0.5752618983058302,0.5931891168559934,0.5138106505153609,0.6725675831966259,0.017927218550163215,True,GTM
2015,xgboost,0.5752618983058302,0.5501542091369629,0.5425599964863445,0.5577484217875813,0.025107689168867298,False,GTM
2016,naive,0.5610048113271396,0.5752618983058302,0.5197249841206029,0.6307988124910575,0.014257086978690547,True,GTM
2016,ets,0.5610048113271396,0.5830332730679971,0.5294517488400329,0.6366147972959614,0.022028461740857486,True,GTM
2016,arima,0.5610048113271396,0.5881164241276657,0.5524755840881169,0.6237572641672146,0.027111612800526097,True,GTM
2016,bayesian,0.5610048113271396,0.5857381930799932,0.5100462084379481,0.6614301777220383,0.024733381752853556,True,GTM
2016,xgboost,0.5610048113271396,0.5719372034072876,0.5633160045678328,0.5805584022467424,0.010932392080147957,False,GTM
2017,naive,0.5902370599536326,0.5610048113271396,0.5067446581626784,0.6152649644916008,0.029232248626492985,True,GTM
2017,ets,0.5902370599536326,0.571046891091996,0.5186438561959563,0.6234499259880357,0.019190168861636603,True,GTM
2017,arima,0.5902370599536326,0.5694508429121923,0.5354461145806686,0.603455571243716,0.020786217041440347,True,GTM
2017,bayesian,0.5902370599536326,0.5713217321949247,0.498658043392479,0.6439854209973703,0.018915327758707967,True,GTM
2017,xgboost,0.5902370599536326,0.5711221694946289,0.5630585271406314,0.5791858118486264,0.01911489045900372,False,GTM
2018,naive,0.5853129127662602,0.5902370599536326,0.5371964600373441,0.6432776598699211,0.004924147187372441,True,GTM
2018,ets,0.5853129127662602,0.5972993392695384,0.5460760558332949,0.6485226227057819,0.011986426503278191,True,GTM
2018,arima,0.5853129127662602,0.6146696802265528,0.5811891034922176,0.6481502569608879,0.029356767460292588,True,GTM
2018,bayesian,0.5853129127662602,0.5740871028053864,0.5043894475981272,0.6437847580126457,0.011225809960873745,True,GTM
2018,xgboost,0.5853129127662602,0.5827878713607788,0.5734840777781284,0.5920916649434292,0.0025250414054813763,True,GTM
2019,naive,0.5636046251943136,0.5853129127662602,0.5336065917988955,0.6370192337336249,0.02170828757194654,True,GTM
2019,ets,0.5636046251943136,0.595281337291211,0.5453065827243321,0.64525609185809,0.031676712096897375,True,GTM
2019,arima,0.5636046251943136,0.5779699478299064,0.5443823142360935,0.6115575814237193,0.014365322635592759,True,GTM
2019,bayesian,0.5636046251943136,0.5724971954764665,0.5055635124596365,0.6394308784932965,0.008892570282152845,True,GTM
2019,xgboost,0.5636046251943136,0.5831030011177063,0.5736151720422391,0.5925908301931735,0.019498375923392652,False,GTM
2020,naive,0.5585952421681613,0.5636046251943136,0.5125568186171564,0.6146524317714709,0.005009383026152392,True,GTM
2020,ets,0.5585952421681613,0.5726566678840196,0.5231945746961665,0.6221187610718727,0.014061425715858333,True,GTM
2020,arima,0.5585952421681613,0.5746221233445905,0.5417571939466888,0.6074870527424923,0.016026881176429253,True,GTM
2020,bayesian,0.5585952421681613,0.5607760348180199,0.4963138426354647,0.625238227000575,0.0021807926498585983,True,GTM
2020,xgboost,0.5585952421681613,0.5827784538269043,0.5738966438189411,0.5916602638348675,0.024183211658743042,False,GTM
2021,naive,0.5380278117182565,0.5585952421681613,0.5087347056532163,0.6084557786831062,0.020567430449904722,True,GTM
2021,ets,0.5380278117182565,0.5646278724999658,0.5162146018904079,0.6130411431095237,0.02660006078170929,True,GTM
2021,arima,0.5380278117182565,0.5581818356533106,0.5259110655389204,0.5904526057677008,0.020154023935054055,True,GTM
2021,bayesian,0.5380278117182565,0.5493674577251323,0.48719432573423627,0.6115405897160283,0.011339646006875759,True,GTM
2021,xgboost,0.5380278117182565,0.5838143825531006,0.5751010444940863,0.5925277206121149,0.045786570834844054,False,GTM
2022,naive,0.5797686577937048,0.5380278117182565,0.4888313945864059,0.5872242288501072,0.04174084607544826,True,GTM
2022,ets,0.5797686577937048,0.529834676800252,0.48503143413524835,0.5746379194652556,0.04993398099345281,False,GTM
2022,arima,0.5797686577937048,0.5385264082801996,0.506611648929028,0.5704411676313712,0.04124224951350519,False,GTM
2022,bayesian,0.5797686577937048,0.5321820124294945,0.47200477600608154,0.5923592488529075,0.04758664536421031,True,GTM
2022,xgboost,0.5797686577937048,0.5609448552131653,0.5498541807537908,0.5720355296725398,0.018823802580539506,False,GTM
2023,naive,0.5611773719374719,0.5797686577937048,0.5306989062372547,0.6288384093501549,0.01859128585623293,True,GTM
2023,ets,0.5611773719374719,0.580731596418257,0.5330395344558425,0.6284236583806715,0.019554224480785143,True,GTM
2023,arima,0.5611773719374719,0.6103962696967833,0.5773356974211824,0.6434568419723842,0.04921889775931143,False,GTM
2023,bayesian,0.5611773719374719,0.5349899388339456,0.47529479091648497,0.5946850867514063,0.026187433103526225,True,GTM
2023,xgboost,0.5611773719374719,0.5596068501472473,0.5474652962402863,0.5717484040542083,0.0015705217902245439,True,GTM
2024,naive,0.57380704452566,0.5611773719374719,0.5127429865963942,0.6096117572785495,0.012629672588188146,True,GTM
2024,ets,0.57380704452566,0.5674104055588582,0.5204708104864839,0.6143500006312326,0.00639663896680176,True,GTM
2024,arima,0.57380704452566,0.5611773719374719,0.5205325816944066,0.6018221621805371,0.012629672588188146,True,GTM
2024,bayesian,0.57380704452566,0.5300978431543363,0.4717668547971426,0.58842883151153,0.043709201371323725,True,GTM
2024,xgboost,0.57380704452566,0.566033124923706,0.5541284219556989,0.5779378278917132,0.007773919601953949,True,GTM
2017,naive,0.5783540907079537,0.5586566918177793,0.4958844428177578,0.6214289408178009,0.01969739889017441,True,HND
2017,ets,0.5783540907079537,0.5622199952961889,0.5073854905103217,0.6170545000820562,0.016134095411764804,True,HND
2017,arima,0.5783540907079537,0.5550426666209317,0.507748045612246,0.6023372876296175,0.023311424087022026,True,HND
2017,bayesian,0.5783540907079537,0.5913766900838325,0.4994805656270239,0.6832728145406411,0.013022599375878796,True,HND
2017,xgboost,0.5783540907079537,0.5616108775138855,0.5440187023238306,0.5792030527039403,0.01674321319406824,True,HND
2018,naive,0.5530362167898784,0.5783540907079537,0.5176308375965026,0.6390773438194048,0.025317873918075384,True,HND
2018,ets,0.5530362167898784,0.5812137316372288,0.5279244602605606,0.634503003013897,0.028177514847350427,True,HND
2018,arima,0.5530362167898784,0.5921673080167591,0.5460189928779184,0.6383156231555998,0.03913109122688074,True,HND
2018,bayesian,0.5530362167898784,0.5954571066740415,0.5083725206703426,0.6825416926777405,0.04242088988416315,True,HND
2018,xgboost,0.5530362167898784,0.5718541145324707,0.5550453860222672,0.5886628430426742,0.01881789774259235,False,HND
2019,naive,0.4093670336162876,0.5530362167898784,0.4918940405563088,0.6141783930234479,0.14366918317359073,False,HND
2019,ets,0.4093670336162876,0.5553137977089329,0.5027990226852995,0.6078285727325662,0.14594676409264523,False,HND
2019,arima,0.4093670336162876,0.5301413686747447,0.48367943541761826,0.5766033019318711,0.12077433505845708,False,HND
2019,bayesian,0.4093670336162876,0.5832841947462075,0.4990567715626169,0.6675116179297982,0.1739171611299199,False,HND
2019,xgboost,0.4093670336162876,0.5592544674873352,0.541627375744221,0.5768815592304494,0.14988743387104758,False,HND
2020,naive,0.4658461434699442,0.4093670336162876,0.33115371340263455,0.4875803538299407,0.05647910985365656,True,HND
2020,ets,0.4658461434699442,0.4111558414790928,0.3443093934210616,0.478002289537124,0.0546903019908514,True,HND
2020,arima,0.4658461434699442,0.32886254916540836,0.26955633868111667,0.38816875964970005,0.13698359430453583,False,HND
2020,bayesian,0.4658461434699442,0.5076977067615355,0.4105551061556296,0.6048403073674413,0.04185156329159129,True,HND
2020,xgboost,0.4658461434699442,0.4139244258403778,0.39586617627513576,0.43198267540561985,0.05192171762956638,False,HND
2021,naive,0.4650089384979827,0.4658461434699442,0.38888766019566556,0.5428046267442228,0.0008372049719614916,True,HND
2021,ets,0.4650089384979827,0.46728515125135794,0.399880931830871,0.534689370671845,0.0022762127533752508,True,HND
2021,arima,0.4650089384979827,0.4738397173587081,0.39421451317112455,0.5534649215462917,0.008830778860725419,True,HND
2021,bayesian,0.4650089384979827,0.47674757597379447,0.38251713423653044,0.5709780177110585,0.011738637475811775,True,HND
2021,xgboost,0.4650089384979827,0.4495444595813751,0.4289981078573825,0.47009081130536773,0.015464478916607571,True,HND
2023,naive,0.4964269896953733,0.4650089384979827,0.38991500526486583,0.5401028717310995,0.031418051197390606,True,HND
2023,ets,0.4964269896953733,0.4661599298412756,0.4004606008219649,0.5318592588605863,0.030267059854097722,True,HND
2023,arima,0.4964269896953733,0.47249205441721615,0.39494954144642774,0.5500345673880045,0.023934935278157154,True,HND
2023,bayesian,0.4964269896953733,0.43061369858291576,0.33343933578793405,0.5277880613778975,0.06581329111245754,True,HND
2023,xgboost,0.4964269896953733,0.45618897676467896,0.4353092140951546,0.4770687394342033,0.040238012930694345,False,HND
2024,naive,0.5208543673752005,0.4964269896953733,0.4231198121041174,0.5697341672866292,0.024427377679827222,True,HND
2024,ets,0.5208543673752005,0.497349618403521,0.43256619699066423,0.5621330398163777,0.023504748971679534,True,HND
2024,arima,0.5208543673752005,0.5057724891400661,0.4298992691446642,0.581645709135468,0.015081878235134405,True,HND
2024,bayesian,0.5208543673752005,0.43689117989017234,0.3440582661312471,0.5297240936490976,0.08396318748502818,True,HND
2024,xgboost,0.5208543673752005,0.46962401270866394,0.44705907018588387,0.492188955231444,0.05123035466653658,False,HND
2015,naive,0.8807890156492096,0.8663758705925892,0.8497182706522645,0.883033470532914,0.014413145056620391,True,MEX
2015,ets,0.8807890156492096,0.8511971898525204,0.8372403133339257,0.865154066371115,0.029591825796689286,False,MEX
2015,arima,0.8807890156492096,0.8643046828975451,0.8476691898280292,0.8809401759670611,0.0164843327516645,True,MEX
2015,bayesian,0.8807890156492096,0.8525526025093355,0.8333477520605693,0.8717574529581017,0.028236413139874128,False,MEX
2015,xgboost,0.8807890156492096,0.8666648268699646,0.8632965416548534,0.8700331120850758,0.01412418877924504,False,MEX
2016,naive,0.8951153085904762,0.8807890156492096,0.8638634755179547,0.8977145557804646,0.014326292941266527,True,MEX
2016,ets,0.8951153085904762,0.8589626693015514,0.843320456431491,0.8746048821716118,0.03615263928892476,False,MEX
2016,arima,0.8951153085904762,0.8797759425667605,0.8628613593270424,0.8966905258064786,0.015339366023715661,True,MEX
2016,bayesian,0.8951153085904762,0.8653428545804123,0.8448202525044833,0.8858654566563412,0.029772454010063898,False,MEX
2016,xgboost,0.8951153085904762,0.877712607383728,0.8745617155805887,0.8808634991868673,0.01740270120674814,False,MEX
2017,naive,0.8975143902156228,0.8951153085904762,0.8780603992720819,0.9121702179088704,0.0023990816251466818,True,MEX
2017,ets,0.8975143902156228,0.8949573200163798,0.8785682585259486,0.9113463815068111,0.0025570701992430056,True,MEX
2017,arima,0.8975143902156228,0.8950698559897097,0.8780155389262908,0.9121241730531285,0.0024445342259131753,True,MEX
2017,bayesian,0.8975143902156228,0.8797356543270917,0.858053128554839,0.9014181800993444,0.017778735888531183,True,MEX
2017,xgboost,0.8975143902156228,0.8898996114730835,0.8858792143274776,0.8939200086186894,0.007614778742539352,False,MEX
2018,naive,0.8851512893033846,0.8975143902156228,0.8809536102686586,0.9140751701625871,0.012363100912238245,True,MEX
2018,ets,0.8851512893033846,0.8975233437529345,0.8814288948475298,0.9136177926583392,0.012372054449549919,True,MEX
2018,arima,0.8851512893033846,0.8976188416773484,0.8810573530659926,0.9141803302887042,0.012467552373963797,True,MEX
2018,bayesian,0.8851512893033846,0.8908794610558395,0.8694167204210109,0.912342201690668,0.00572817175245488,True,MEX
2018,xgboost,0.8851512893033846,0.8948165774345398,0.8912337203180801,0.8983994345509995,0.009665288131155192,False,MEX
2019,naive,0.8700846743817622,0.8851512893033846,0.8686403788392443,0.9016621997675249,0.015066614921622423,True,MEX
2019,ets,0.8700846743817622,0.8849859189356772,0.869016239953794,0.9009555979175605,0.01490124455391506,True,MEX
2019,arima,0.8700846743817622,0.884541522997974,0.8680368084307086,0.9010462375652393,0.01445684861621177,True,MEX
2019,bayesian,0.8700846743817622,0.8935656531691607,0.8727705767271295,0.9143607296111919,0.02348097878739852,False,MEX
2019,xgboost,0.8700846743817622,0.8807477951049805,0.8769318151636167,0.8845637750463442,0.010663120723218289,False,MEX
2020,naive,0.885432042136457,0.8700846743817622,0.8534825829911507,0.8866867657723737,0.015347367754694807,True,MEX
2020,ets,0.885432042136457,0.8697107012115038,0.853561827429739,0.8858595749932687,0.015721340924953142,True,MEX
2020,arima,0.885432042136457,0.8687268040963436,0.8521385442488074,0.8853150639438798,0.016705238040113368,False,MEX
2020,bayesian,0.885432042136457,0.8885789366707401,0.8673435149861196,0.9098143583553605,0.0031468945342830734,True,MEX
2020,xgboost,0.885432042136457,0.8774775862693787,0.872825607642397,0.8821295648963603,0.007954455867078325,False,MEX
2021,naive,0.8937622577190416,0.885432042136457,0.8685977380225591,0.9022663462503548,0.008330215582584621,True,MEX
2021,ets,0.8937622577190416,0.8853068429687478,0.8689714927728796,0.9016421931646161,0.008455414750293766,True,MEX
2021,arima,0.8937622577190416,0.8848839468677911,0.8680552685711949,0.9017126251643874,0.00887831085125046,True,MEX
2021,bayesian,0.8937622577190416,0.8911115597424734,0.8704891715896523,0.9117339478952944,0.0026506979765682503,True,MEX
2021,xgboost,0.8937622577190416,0.8849512338638306,0.8803086007100551,0.889593867017606,0.008811023855211042,False,MEX
2022,naive,0.886871790160509,0.8937622577190416,0.8771602044259523,0.9103643110121309,0.00689046755853262,True,MEX
2022,ets,0.886871790160509,0.8936846918376422,0.8775816875520093,0.9097876961232751,0.006812901677133221,True,MEX
2022,arima,0.886871790160509,0.8936421640405472,0.8770414035564094,0.910242924524685,0.006770373880038205,True,MEX
2022,bayesian,0.886871790160509,0.8961761623285597,0.8761284485159814,0.916223876141138,0.00930437216805069,True,MEX
2022,xgboost,0.886871790160509,0.8861429691314697,0.8813521313653259,0.8909338068976136,0.0007288210290392616,True,MEX
2023,naive,0.8810513322365638,0.886871790160509,0.8705481449139649,0.903195435407053,0.005820457923945144,True,MEX
2023,ets,0.8810513322365638,0.8867901678275254,0.8709164387668391,0.9026638968882117,0.005738835590961555,True,MEX
2023,arima,0.8810513322365638,0.8864372987391863,0.8701179852543331,0.9027566122240395,0.0053859665026224635,True,MEX
2023,bayesian,0.8810513322365638,0.897073670108596,0.8773513446080476,0.9167959956091443,0.01602233787203211,True,MEX
2023,xgboost,0.8810513322365638,0.8828022480010986,0.8780133328672257,0.8875911631349716,0.0017509157645347884,True,MEX
2024,naive,0.8560183596056864,0.8810513322365638,0.8650222352650686,0.8970804292080591,0.025032972630877448,False,MEX
2024,ets,0.8560183596056864,0.8809652487430815,0.8653435983161233,0.8965868991700396,0.024946889137395067,False,MEX
2024,arima,0.8560183596056864,0.8803833368243377,0.8643608277583951,0.8964058458902803,0.024364977218651274,False,MEX
2024,bayesian,0.8560183596056864,0.895164545179935,0.8754272920126537,0.9149017983472164,0.03914618557424865,False,MEX
2024,xgboost,0.8560183596056864,0.879848837852478,0.8752263077798824,0.8844713679250736,0.02383047824679163,False,MEX
2015,naive,0.8837795541839797,0.8550048885163585,0.8188649048737605,0.8911448721589564,0.028774665667621213,True,PER
2015,ets,0.8837795541839797,0.8545542795050433,0.820138571531793,0.8889699874782935,0.02922527467893643,True,PER
2015,arima,0.8837795541839797,0.854489916180655,0.8183569491576994,0.8906228832036105,0.029289638003324736,True,PER
2015,bayesian,0.8837795541839797,0.8743058330645065,0.8343931158014299,0.914218550327583,0.0094737211194732,True,PER
2015,xgboost,0.8837795541839797,0.8473925590515137,0.839201993284101,0.8555831248189263,0.036386995132466016,False,PER
2016,naive,0.8602542230286642,0.8837795541839797,0.8476720249319385,0.9198870834360209,0.02352533115531552,True,PER
2016,ets,0.8602542230286642,0.8854183490085652,0.8504426930153094,0.920394005001821,0.02516412597990103,True,PER
2016,arima,0.8602542230286642,0.8853875940539009,0.8492511533762432,0.9215240347315585,0.025133371025236717,True,PER
2016,bayesian,0.8602542230286642,0.8959554458819976,0.8575017193893281,0.9344091723746671,0.035701222853333436,True,PER
2016,xgboost,0.8602542230286642,0.8461152911186218,0.8394186070829596,0.8528119751542841,0.01413893191004234,False,PER
2017,naive,0.842742535762161,0.8602542230286642,0.8244144634444193,0.8960939826129091,0.017511687266503206,True,PER
2017,ets,0.842742535762161,0.8618747054861216,0.8271418729371525,0.8966075380350906,0.01913216972396059,True,PER
2017,arima,0.842742535762161,0.8601013361454657,0.8242612051611476,0.8959414671297837,0.01735880038330473,True,PER
2017,bayesian,0.842742535762161,0.8939720898650316,0.8548793182163936,0.9330648615136696,0.05122955410287067,False,PER
2017,xgboost,0.842742535762161,0.8476703763008118,0.841038039990209,0.8543027126114145,0.004927840538650807,True,PER
2018,naive,0.848080074955259,0.842742535762161,0.8075598951314586,0.8779251763928633,0.005337539193097984,True,PER
2018,ets,0.848080074955259,0.8433223700031045,0.8094768497611635,0.8771678902450455,0.00475770495215444,True,PER
2018,arima,0.848080074955259,0.841531806863192,0.8063714538760173,0.8766921598503666,0.006548268092066989,True,PER
2018,bayesian,0.848080074955259,0.8796904932960403,0.8386554242581509,0.9207255623339298,0.03161041834078138,True,PER
2018,xgboost,0.848080074955259,0.8368263244628906,0.8295422140543878,0.8441104348713935,0.01125375049236832,False,PER
2019,naive,0.8585002592288506,0.848080074955259,0.8138422286930611,0.8823179212174568,0.010420184273591704,True,PER
2019,ets,0.8585002592288506,0.8476632467084778,0.8147137495366604,0.8806127438802952,0.010837012520372835,True,PER
2019,arima,0.8585002592288506,0.847233948530494,0.8130102535152886,0.8814576435456996,0.011266310698356596,True,PER
2019,bayesian,0.8585002592288506,0.8716979810723304,0.8307120775478192,0.9126838845968417,0.013197721843479782,True,PER
2019,xgboost,0.8585002592288506,0.8477768301963806,0.8409084382353633,0.8546452221573979,0.010723429032470033,False,PER
2020,naive,0.8662939956320214,0.8585002592288506,0.825032058503418,0.8919684599542833,0.007793736403170715,True,PER
2020,ets,0.8662939956320214,0.8583966877751659,0.8257770999581827,0.891016275592149,0.007897307856855496,True,PER
2020,arima,0.8662939956320214,0.8582608972690932,0.8247945837999137,0.8917272107382727,0.008033098362928204,True,PER
2020,bayesian,0.8662939956320214,0.8718276303390494,0.8315409194604915,0.9121143412176074,0.005533634707028057,True,PER
2020,xgboost,0.8662939956320214,0.8638583421707153,0.8568737886732128,0.8708428956682178,0.002435653461306031,True,PER
2021,naive,0.8582760761024193,0.8662939956320214,0.8336038045744032,0.8989841866896395,0.008017919529602069,True,PER
2021,ets,0.8582760761024193,0.8666789675763849,0.8347738804121775,0.8985840547405922,0.008402891473965557,True,PER
2021,arima,0.8582760761024193,0.8664783427690674,0.8337825449809263,0.8991741405572086,0.00820226666664814,True,PER
2021,bayesian,0.8582760761024193,0.8758424576480278,0.8362962117152561,0.9153887035807995,0.017566381545608523,True,PER
2021,xgboost,0.8582760761024193,0.854113757610321,0.8481955824340502,0.8600319327865918,0.004162318492098249,True,PER
2022,naive,0.862423610117205,0.8582760761024193,0.8262880983930163,0.8902640538118223,0.0041475340147857365,True,PER
2022,ets,0.862423610117205,0.858267500628842,0.8270158817709677,0.8895191194867164,0.00415610948836298,True,PER
2022,arima,0.862423610117205,0.8580460560762221,0.8260600567657508,0.8900320553866934,0.004377554040982945,True,PER
2022,bayesian,0.862423610117205,0.8739047678395063,0.8348620894631089,0.9129474462159037,0.011481157722301294,True,PER
2022,xgboost,0.862423610117205,0.846581757068634,0.8408201140244024,0.8523434001128657,0.015841853048570997,False,PER
2023,naive,0.8490294205336345,0.862423610117205,0.8311528119951367,0.8936944082392734,0.013394189583570526,True,PER
2023,ets,0.8490294205336345,0.8625060174531484,0.8319220391135038,0.8930899957927929,0.013476596919513861,True,PER
2023,arima,0.8490294205336345,0.8624013221465772,0.831128936911148,0.8936737073820064,0.01337190161294266,True,PER
2023,bayesian,0.8490294205336345,0.8741612763083748,0.8357337224029542,0.9125888302137954,0.025131855774740308,True,PER
2023,xgboost,0.8490294205336345,0.8588874340057373,0.8533216210236241,0.8644532469878505,0.0098580134721028,False,PER
2024,naive,0.8625372935905997,0.8490294205336345,0.8182364903554223,0.8798223507118467,0.013507873056965214,True,PER
2024,ets,0.8625372935905997,0.8497675341332542,0.8199426109240343,0.8795924573424742,0.012769759457345486,True,PER
2024,arima,0.8625372935905997,0.8484052758477547,0.8176217391895552,0.8791888125059543,0.014132017742845004,True,PER
2024,bayesian,0.8625372935905997,0.8678766464353704,0.8297174884166622,0.9060358044540787,0.005339352844770717,True,PER
2024,xgboost,0.8625372935905997,0.8478609919548035,0.8421589241880537,0.8535630597215532,0.014676301635796252,False,PER
