country,year,export_entropy,import_entropy,n_export_partners,n_import_partners,total_exports_usd,total_imports_usd,weighted_out_degree,weighted_in_degree
ARG,2000,0.46876923226603723,0.2955535661358858,9,9,10790770756.0,7439335241.0,10790770756.0,7439335241.0
ARG,2001,0.5311613505673188,0.31801859246566927,9,9,10541463137.0,6112401868.35,10541463137.0,6112401868.35
ARG,2002,0.602217384449656,0.28066536150116983,9,9,9610109639.0,2764542729.05,9610109639.0,2764542729.05
ARG,2003,0.6058425278150528,0.24872817892032112,9,9,10099010538.0,5227213034.637,10099010538.0,5227213034.637
ARG,2004,0.6245210419621019,0.25272020524675054,9,9,11647616111.0,8456471822.077001,11647616111.0,8456471822.077
ARG,2005,0.6374079280914131,0.27668444410070037,9,9,13760931236.0,11659572635.401001,13760931236.0,11659572635.401001
ARG,2006,0.6428960646174888,0.29768873248146355,9,9,16285033270.0,13988251630.888,16285033270.0,13988251630.888
ARG,2007,0.609841129730248,0.29255556462502796,9,9,18653613840.0,17041807678.731,18653613840.0,17041807678.731
ARG,2008,0.5918701197167245,0.29422799004421174,9,8,22646015813.0,20800063264.677002,22646015813.0,20800063264.677
ARG,2009,0.5865100300034173,0.3101049084223304,9,9,19514933637.0,15316318128.959002,19514933637.0,15316318128.959
ARG,2010,0.5794286652000332,0.31226374406106117,9,9,23792763243.0,22273848392.729996,23792763243.0,22273848392.73
ARG,2011,0.5726306857102212,0.32535261858510606,9,9,27976843981.0,27513059710.841,27976843981.0,27513059710.841
ARG,2012,0.5973395562982343,0.4109381974310828,9,9,27839508393.0,23794406266.237,27839508393.0,23794406266.237
ARG,2013,0.5651351085663031,0.41298060714187046,9,8,25015252230.0,25981846160.754,25015252230.0,25981846160.754
ARG,2014,0.5420252588380796,0.44000964284257643,9,9,20837649015.24,19691603411.275997,20837649015.24,19691603411.276
ARG,2015,0.5367951157156985,0.426395815930307,9,9,15354200292.57,17136194942.919,15354200292.57,17136194942.919
ARG,2016,0.5734389881640924,0.3744320346758188,9,9,14372440306.230001,16927243318.251,14372440306.230001,16927243318.251
ARG,2017,0.606386711017644,0.369081152889898,9,9,15411975386.539999,22063085089.964,15411975386.539999,22063085089.964
ARG,2018,0.5823709560376513,0.39540825034475935,9,9,18127299151.94,19144979726.384,18127299151.94,19144979726.384
ARG,2019,0.6144153555679495,0.43047876450196243,9,9,17720216455.989998,13105883429.008,17720216455.989998,13105883429.008
ARG,2020,0.6205400096521054,0.438434891974847,9,9,14156540858.1,11385409538.417,14156540858.1,11385409538.417
ARG,2021,0.638855401389572,0.40496107347080584,9,9,21280964646.28,15296274418.641,21280964646.28,15296274418.641
ARG,2022,0.6704066385025296,0.41302489875308823,9,8,24336572478.5,20007857856.072,24336572478.5,20007857856.072
ARG,2023,0.6595356295976617,0.344463623004812,9,9,22865789667.440002,20309222762.836002,22865789667.440002,20309222762.836
ARG,2024,0.628338559546497,0.3423632626526043,9,9,25709034666.09,16684091791.615,25709034666.09,16684091791.615
ARG,2025,0.6366149575453036,0.27977579050444007,9,7,24793280305.5,21175333687.554,24793280305.5,21175333687.554
BOL,2000,0.6850824058043196,0.6882382206029375,9,8,528719926.0,959639862.0,528719926.0,959639862.0
BOL,2001,0.6550775798613885,0.6958018961828166,9,8,675644539.6999999,931205506.0,675644539.6999999,931205506.0
BOL,2002,0.6146694506792805,0.6539221843548668,9,9,633748076.03,1011199455.0,633748076.03,1011199455.0
BOL,2003,0.6119055929860877,0.6329120086247906,9,9,888308613.8299999,1399471252.6599998,888308613.83,1399471252.6599998
BOL,2004,0.5928317530927809,0.660895321060962,9,8,1202121119.28,1690029438.738,1202121119.28,1690029438.738
BOL,2005,0.5193207795609632,0.6440010116361129,9,9,1780788581.27,2085479530.062,1780788581.27,2085479530.062
BOL,2006,0.5237500032260942,0.6280946403841307,9,9,2495155824.2999997,2448036919.113,2495155824.3,2448036919.113
BOL,2007,0.513196697968268,0.6320015061847756,9,9,2688569469.2799997,2928303153.421,2688569469.28,2928303153.421
BOL,2008,0.44361447556434297,0.6612098198080233,9,8,4218502134.06,3913462746.769,4218502134.06,3913462746.769
BOL,2009,0.5829112753569853,0.668140259782747,9,9,2862489934.7999997,3192835711.8859997,2862489934.8,3192835711.8859997
BOL,2010,0.5412573688262816,0.6779667561354729,9,9,3824401463.2799993,3784374739.577,3824401463.2799997,3784374739.577
BOL,2011,0.5622967101493375,0.6720468653149432,9,9,5142197998.629999,4743897587.036,5142197998.63,4743897587.036
BOL,2012,0.6037779500256498,0.7004231184448492,9,9,7372256714.949999,5065363453.035999,7372256714.95,5065363453.036
BOL,2013,0.5856909090766178,0.7026895896370947,9,8,8221930391.829999,5271587535.533,8221930391.83,5271587535.533
BOL,2014,0.5717093381528836,0.7025029876300843,9,9,7885103363.860001,5145267422.447999,7885103363.86,5145267422.448
BOL,2015,0.6007534829182598,0.7166716168136599,9,9,5060684463.68,4526652160.538,5060684463.68,4526652160.538
BOL,2016,0.6818937436101499,0.7063718459105339,9,9,3382464321.69,4171193712.7660003,3382464321.69,4171193712.7660003
BOL,2017,0.6572575747155127,0.7181801201947245,9,9,3740596396.62,4320207545.6310005,3740596396.62,4320207545.631
BOL,2018,0.6558501580233187,0.7244671113719944,9,9,4305918651.6,4163215792.135,4305918651.6,4163215792.135
BOL,2019,0.6694323987136559,0.7312235779854388,9,9,4006591506.56,4007101337.2850003,4006591506.56,4007101337.285
BOL,2020,0.7196681600079001,0.7287011619253534,9,9,3333132986.3,3122571888.65,3333132986.3,3122571888.65
BOL,2021,0.7495286430626209,0.7157713180104873,9,9,4364958675.62,4021858058.321,4364958675.62,4021858058.321
BOL,2022,0.7426506684811005,0.698516902708127,9,8,6251026810.8,4753741392.561,6251026810.8,4753741392.561
BOL,2023,0.7445107285906875,0.6812687916140083,9,9,4616879421.88,4584019989.025,4616879421.88,4584019989.025
BOL,2024,0.7178263065470624,0.6979127940779527,9,9,3555090982.66,3652709003.413,3555090982.66,3652709003.413
BOL,2025,0.7348504223613624,0.5810597107082289,9,7,3023161466.4500003,2956536481.5639997,3023161466.45,2956536481.564
BRA,2000,0.6097690908940733,0.4195227632994298,9,9,10654921465.0,9333516436.0,10654921465.0,9333516436.0
BRA,2001,0.6676711459900857,0.4462943861369211,9,9,9762335921.0,8537794631.27,9762335921.0,8537794631.27
BRA,2002,0.8031961222584865,0.46947961206183936,9,9,8180048477.0,6832415719.49,8180048477.0,6832415719.49
BRA,2003,0.7426360055039148,0.5085592104876263,9,9,11365523897.0,6972996964.205999,11365523897.0,6972996964.206
BRA,2004,0.720655756581852,0.5530774586650975,9,9,16891108015.0,8680861076.819,16891108015.0,8680861076.819
BRA,2005,0.7221846730132505,0.5862806052648979,9,9,21777201556.0,10899598964.308,21777201556.0,10899598964.308
BRA,2006,0.7356740653684416,0.5975226051249016,9,9,25788923321.0,14727966750.13,25788923321.0,14727966750.13
BRA,2007,0.6992401570843083,0.6140268241548739,9,9,28817029631.0,19099774909.918,28817029631.0,19099774909.918
BRA,2008,0.6882173075704364,0.6280435545460863,9,8,33646429488.0,25161928015.276,33646429488.0,25161928015.276
BRA,2009,0.6771979538859226,0.5841396157538482,9,9,23244566932.0,19451513822.931,23244566932.0,19451513822.931
BRA,2010,0.6631139657335611,0.6290902667004414,9,9,33164385508.0,26976853412.388,33164385508.0,26976853412.388
BRA,2011,0.6467448943954903,0.6364539406047002,9,9,39703476388.0,32509438180.378,39703476388.0,32509438180.378
BRA,2012,0.6955092912244194,0.6641259750274435,9,9,34522086039.0,33142546955.181,34522086039.0,33142546955.181
BRA,2013,0.6632302773718394,0.6844223543654957,9,8,35086253554.0,33424496774.457,35086253554.0,33424496774.457
BRA,2014,0.7250992076533691,0.695624134284479,9,9,29882633829.0,29854448826.609,29882633829.0,29854448826.609
BRA,2015,0.7290722483532568,0.6966396482092923,9,9,26759537956.0,21890236262.310997,26759537956.0,21890236262.311
BRA,2016,0.723133073170102,0.6877027933299864,9,9,27868041899.0,18749440797.36,27868041899.0,18749440797.36
BRA,2017,0.7008181668292767,0.7121061123153318,9,9,34643031356.0,20929285713.968,34643031356.0,20929285713.968
BRA,2018,0.7362670260376168,0.6964563884517628,9,9,33467493311.0,24153181107.103996,33467493311.0,24153181107.104
BRA,2019,0.7997127265754365,0.6911635892929365,9,9,27806605296.0,22314980006.841003,27806605296.0,22314980006.841
BRA,2020,0.7837175142843193,0.692497541094145,9,9,22102553487.0,17338303434.282,22102553487.0,17338303434.282
BRA,2021,0.7947779889011681,0.6792222405701815,9,9,33808064077.0,24559623890.309,33808064077.0,24559623890.309002
BRA,2022,0.795438032421766,0.6983910412928881,9,8,43793625570.0,27310745202.935,43793625570.0,27310745202.935
BRA,2023,0.775769516416264,0.6996018770204768,9,9,43938293955.0,25785625628.99,43938293955.0,25785625628.99
BRA,2024,0.7822982259117669,0.6818506279739007,9,9,37474737927.0,28665922403.85,37474737927.0,28665922403.85
BRA,2025,0.7503582406651997,0.6158538358642864,9,7,42805434457.0,25483109765.24,42805434457.0,25483109765.239998
CHL,2000,0.8174222554618438,0.6243589023820298,9,9,3459705279.0,5179607016.0,3459705279.0,5179607016.0
CHL,2001,0.8554203360233966,0.5758476739747435,9,9,3837756644.0,5235297138.610001,3837756644.0,5235297138.61
CHL,2002,0.8474127160672166,0.5507119183611222,9,9,3057982247.0,5285092970.66,3057982247.0,5285092970.66
CHL,2003,0.8900223704613437,0.5546941526522737,9,9,4075541474.5720005,6512538612.440001,4075541474.572,6512538612.44
CHL,2004,0.8674233692909963,0.6043665376561143,9,9,5384918878.559,8085740706.610001,5384918878.559,8085740706.61
CHL,2005,0.8489824126618883,0.6261224269116469,9,9,6645678565.494,10570852683.0,6645678565.494,10570852683.0
CHL,2006,0.8246237127059394,0.663796387428805,9,9,9217054583.51,11540458159.75,9217054583.51,11540458159.75
CHL,2007,0.8284413064255162,0.6985012159281355,9,9,10339197396.248001,12444278383.56,10339197396.248001,12444278383.56
CHL,2008,0.8430754545347097,0.7551591487373331,9,8,11815266191.307,15474155473.529999,11815266191.307,15474155473.53
CHL,2009,0.8352261588456508,0.7240528072872774,9,9,8717995099.43,10550883878.810001,8717995099.43,10550883878.81
CHL,2010,0.8029007198696697,0.7492413524031984,9,9,11313618544.056002,14020427200.36,11313618544.056,14020427200.36
CHL,2011,0.8179393560810571,0.7830877774671355,9,9,12712444849.421999,17822072889.17,12712444849.421999,17822072889.17
CHL,2012,0.8161365953958835,0.8152606027786237,9,9,11708161715.735,18848564730.38,11708161715.735,18848564730.38
CHL,2013,0.812656391089968,0.8130871382171446,9,8,11908348932.844002,16664774867.76,11908348932.844,16664774867.76
CHL,2014,0.8236031306446692,0.7892456545669297,9,9,11401879151.96,15010212215.97,11401879151.96,15010212215.97
CHL,2015,0.8420853525797729,0.7825982778591862,9,9,9495415493.153,11602892206.17,9495415493.153,11602892206.17
CHL,2016,0.8396510275956008,0.768632255014268,9,9,9035728133.604,11155870200.689999,9035728133.604,11155870200.69
CHL,2017,0.8297448742282009,0.7609905006695346,9,9,9812655332.199001,12978477619.81,9812655332.199,12978477619.81
CHL,2018,0.8306264085660057,0.7494855299430853,9,9,9582648434.077,15612529146.449,9582648434.077,15612529146.449
CHL,2019,0.818770168778807,0.7638268980217277,9,9,8995877905.134,13804018522.211998,8995877905.134,13804018522.212
CHL,2020,0.8135462292809685,0.7651355481109409,9,9,8240784606.853,10940859358.049,8240784606.853,10940859358.049
CHL,2021,0.7798476355479782,0.7328503925609327,9,9,10692872638.231,17358654427.677,10692872638.231,17358654427.677002
CHL,2022,0.817259106712228,0.7173575593017453,9,8,11927313425.597,20982941476.925,11927313425.597,20982941476.925
CHL,2023,0.8196408418725654,0.699180760536773,9,9,11317001760.969,18421199646.239998,11317001760.969,18421199646.24
CHL,2024,0.7850695001957573,0.7010636040431295,9,9,11666928465.084,18554334664.771,11666928465.084,18554334664.771
CHL,2025,0.8018259616158924,0.5844877683683095,9,7,12083374396.065,16539613280.756,12083374396.065,16539613280.756
COL,2000,0.8603258980853951,0.8390976813401957,9,9,1743330756.0,1986818643.0,1743330756.0,1986818643.0
COL,2001,0.7999710774433341,0.8378538198369978,9,9,1753574371.0,2310251768.42,1753574371.0,2310251768.42
COL,2002,0.7539775438792555,0.8223015999214418,9,9,1906179536.0,2428321769.04,1906179536.0,2428321769.04
COL,2003,0.7696791802872002,0.8263918473873867,9,9,1995209247.0,2643404957.949,1995209247.0,2643404957.949
COL,2004,0.7834717678958314,0.7984692534483759,9,9,2735742515.0,2921081303.311,2735742515.0,2921081303.311
COL,2005,0.7584825935547589,0.7688177141645999,9,9,3368745944.0,4684319047.184999,3368745944.0,4684319047.185
COL,2006,0.7784003715033939,0.757221190946365,9,9,3270672483.0,6709200178.094,3270672483.0,6709200178.094
COL,2007,0.8176926458275782,0.7375005004839348,9,9,3783013488.0,7922435016.176,3783013488.0,7922435016.176
COL,2008,0.8407058025593523,0.7702781269955535,9,8,4949030399.0,8614284264.904,4949030399.0,8614284264.904
COL,2009,0.8424573814479542,0.7944394115145204,9,9,4202028492.0,7368858160.604,4202028492.0,7368858160.604
COL,2010,0.8525337229733302,0.7764918184853785,9,9,6240084348.0,10007677614.805,6240084348.0,10007677614.805
COL,2011,0.876610191794644,0.7463450001137872,9,9,8898846259.0,13319444886.301,8898846259.0,13319444886.301
COL,2012,0.867519425654757,0.7655120644105557,9,9,8995176748.0,14130389511.691002,8995176748.0,14130389511.691
COL,2013,0.8962633140861965,0.7824544562960599,9,8,8738380469.0,12419190892.504,8738380469.0,12419190892.504
COL,2014,0.8472306054331674,0.7769831473982538,9,9,7299459322.0,11770571715.761,7299459322.0,11770571715.761
COL,2015,0.8574828749133883,0.7736870713986554,9,9,6022193788.0,9386786357.53,6022193788.0,9386786357.53
COL,2016,0.8802550677367319,0.794002281683676,9,9,5559420301.0,8747588979.15,5559420301.0,8747588979.15
COL,2017,0.8729719216306921,0.7724756083073552,9,9,7343675390.139999,8879125058.890999,7343675390.139999,8879125058.891
COL,2018,0.8632547684004078,0.7645726173318406,9,9,8283380555.58,9797293241.185999,8283380555.58,9797293241.186
COL,2019,0.8606108535535208,0.762403852426721,9,9,7802674249.54,10233114856.376001,7802674249.54,10233114856.376
COL,2020,0.8644809172155739,0.7891051970528267,9,9,6253379448.259999,7924922651.651,6253379448.26,7924922651.651
COL,2021,0.8609903562703837,0.7958475585225944,9,9,8092917733.07,11048200913.15,8092917733.07,11048200913.15
COL,2022,0.8651085851480436,0.7907043855157809,9,8,9790220606.699999,14302479193.456001,9790220606.7,14302479193.456
COL,2023,0.8609839557122393,0.8042342425468202,9,9,8978917960.71,11203800137.673,8978917960.71,11203800137.673
COL,2024,0.8609431988977787,0.8155877140324053,9,9,9060524986.38,10175594708.443,9060524986.38,10175594708.443
COL,2025,0.8016033609796105,0.7162223766779212,8,7,7128327337.99,9802510204.255,7128327337.990001,9802510204.255
ECU,2000,0.7411319034588448,0.7207062282118629,9,9,954587598.0,1040581946.0,954587598.0,1040581946.0
ECU,2001,0.6862264680889278,0.7147130375359118,9,9,915254741.0,1553538107.42,915254741.0,1553538107.42
ECU,2002,0.6464629243991025,0.7223081072725954,9,9,933986458.0,1935483789.54,933986458.0,1935483789.54
ECU,2003,0.6310947436535418,0.7388841134777236,9,9,1247726659.0,1909842766.569,1247726659.0,1909842766.569
ECU,2004,0.671024187430176,0.7223382465979783,9,9,1206741750.0,2386596226.465,1206741750.0,2386596226.465
ECU,2005,0.7047806502944935,0.7272316990878669,9,9,1998145226.0,3188203832.0880003,1998145226.0,3188203832.088
ECU,2006,0.6773260740572414,0.7540934534247107,9,9,2659230356.0,3545843081.424,2659230356.0,3545843081.424
ECU,2007,0.6667140431791044,0.7782859198393711,9,9,3240310987.0,3579725390.8240004,3240310987.0,3579725390.824
ECU,2008,0.6977558965109757,0.7822264119633116,9,8,4705053276.0,4508103877.04,4705053276.0,4508103877.04
ECU,2009,0.731940727611788,0.8011889332580125,9,9,3024263189.0,3909002794.815,3024263189.0,3909002794.815
ECU,2010,0.6985509058707582,0.7956394055244226,9,9,3422356365.0,5499469498.69,3422356365.0,5499469498.69
ECU,2011,0.7017489024148543,0.8002258440806446,9,9,4496453214.0,5644442454.784,4496453214.0,5644442454.784
ECU,2012,0.6689970535001715,0.814588928649851,9,9,5650107425.0,6098022075.985,5650107425.0,6098022075.985
ECU,2013,0.6641916832991577,0.7927475591615575,9,8,5947066597.0,6004617799.898001,5947066597.0,6004617799.898
ECU,2014,0.6544865659989915,0.8064455835973632,9,9,5453636705.0,5547678004.41,5453636705.0,5547678004.41
ECU,2015,0.7311800168066239,0.810735348312187,9,9,3431584117.0,4379916768.476,3431584117.0,4379916768.476
ECU,2016,0.7416086046779417,0.8152902974531319,9,9,3520969944.0,3753433783.6260004,3520969944.0,3753433783.626
ECU,2017,0.7274657260368845,0.8315655567207871,9,9,3981415163.4299994,4802914925.4539995,3981415163.43,4802914925.4539995
ECU,2018,0.7045290483278281,0.8193143147753397,9,9,4577597328.444,5471317473.209,4577597328.444,5471317473.209
ECU,2019,0.7220597605698535,0.7906499638155948,9,9,3884817439.289,5155936419.046,3884817439.289,5155936419.046
ECU,2020,0.744813949889236,0.8169413272042406,9,9,2510533781.472,4085238073.3170004,2510533781.472,4085238073.317
ECU,2021,0.7547234204718244,0.8450798930838914,9,9,3236651546.7000003,5655486727.281,3236651546.7000003,5655486727.281
ECU,2022,0.7461012773979543,0.8547575340898415,9,8,4215405617.4,6774241508.305,4215405617.4,6774241508.305
ECU,2023,0.7966500849938282,0.8333382663397454,9,9,3549025058.7999997,6271253700.542,3549025058.7999997,6271253700.542
ECU,2024,0.8136675382214347,0.8350873297404796,9,9,3801432859.984,5924352983.170001,3801432859.984,5924352983.17
ECU,2025,0.8309912887255998,0.7194468644388593,9,6,3792487455.137,3161407967.776,3792487455.137,3161407967.776
GTM,2000,0.4384849655647129,0.6059374864011466,9,9,382428005.0,921731547.0,382428005.0,921731547.0
GTM,2001,0.3318304665064268,0.6259058744485249,9,9,391436492.0,978111896.2,391436492.0,978111896.2
GTM,2002,0.3776571940570289,0.6973072696780793,9,9,372272003.0,996237861.96,372272003.0,996237861.96
GTM,2003,0.3518729942339231,0.7397012605477482,9,9,402531334.0,1207908473.653,402531334.0,1207908473.653
GTM,2004,0.393705510208255,0.7800553472018446,9,9,509447914.0,1416348089.708,509447914.0,1416348089.708
GTM,2005,0.4456200650363214,0.7643132088291167,9,9,657682907.0,1899286466.54,657682907.0,1899286466.54
GTM,2006,0.46838827484533657,0.7658431575522492,9,9,530052389.0,2059894393.783,530052389.0,2059894393.783
GTM,2007,0.524537863673149,0.7682351624250012,9,9,1195704517.0,2462618829.667,1195704517.0,2462618829.667
GTM,2008,0.5623835781427063,0.6498826283574165,9,8,1476255870.0,2486145975.5559998,1476255870.0,2486145975.5559998
GTM,2009,0.5512350642745106,0.7156021303454,9,9,1214778185.0,2246821148.586,1214778185.0,2246821148.586
GTM,2010,0.601806185132548,0.643023083615287,9,9,1421105164.0,2495708376.242,1421105164.0,2495708376.242
GTM,2011,0.6117710283849552,0.6356405307607446,9,9,1664955569.0,3138238463.64,1664955569.0,3138238463.64
GTM,2012,0.5917611770698594,0.646568763020524,9,9,1656168895.0,3242215327.4220004,1656168895.0,3242215327.422
GTM,2013,0.549191065435415,0.6156095756289146,9,8,1483217471.0,3126953191.4309998,1483217471.0,3126953191.431
GTM,2014,0.548214548785349,0.5963009188506923,9,9,1566358129.0,2814688504.1470003,1566358129.0,2814688504.147
GTM,2015,0.5752618983058302,0.5994115986275981,9,9,1619639238.0,2847312498.55,1619639238.0,2847312498.55
GTM,2016,0.5610048113271396,0.5930014238274383,9,9,1634267325.0,2706540507.706,1634267325.0,2706540507.706
GTM,2017,0.5902370599536326,0.643131211908348,9,9,1808286037.0,2894400845.218,1808286037.0,2894400845.218
GTM,2018,0.5853129127662602,0.6040330901856841,9,9,1756385932.0,3118331624.912,1756385932.0,3118331624.912
GTM,2019,0.5636046251943136,0.6053629539368652,9,9,1847373824.0,3192310794.6840005,1847373824.0,3192310794.684
GTM,2020,0.5585952421681613,0.6060562216492774,9,9,1765356574.0,3084820557.374,1765356574.0,3084820557.374
GTM,2021,0.5380278117182565,0.6136616739151505,9,9,2327961675.0,3900400087.942,2327961675.0,3900400087.942
GTM,2022,0.5797686577937048,0.5589951692887585,9,8,2776616843.0,4678659142.522,2776616843.0,4678659142.522
GTM,2023,0.5611773719374719,0.6705311193091895,9,9,2757851918.0,5106875008.179,2757851918.0,5106875008.179
GTM,2024,0.57380704452566,0.6962641113169713,9,9,2907720694.0,5357816359.874001,2907720694.0,5357816359.874
GTM,2025,0.5394618387409716,0.5735330368692266,9,7,2911146008.0,4634982092.392,2911146008.0,4634982092.392
HND,2000,0.14686322136348018,0.6056450372611761,8,9,119562976.0,477665754.0,119562976.0,477665754.0
HND,2001,0.2203361279256213,0.5873357258719402,8,9,86771149.0,530834484.38,86771149.0,530834484.38
HND,2002,0.3434869364347444,0.6561208778600003,9,9,79404037.0,561230252.9,79404037.0,561230252.9
HND,2003,0.4221560965604494,0.6860598480433541,9,9,107044710.0,617818352.31,107044710.0,617818352.31
HND,2004,0.39563646935945196,0.696920039260777,8,9,126117673.0,792664181.99,126117673.0,792664181.99
HND,2005,0.35601914876864116,0.7041994859450647,9,9,125790967.0,936999607.6,125790967.0,936999607.6
HND,2006,0.3797085949766293,0.7527688988155752,9,9,152350234.0,939684324.9200001,152350234.0,939684324.92
HND,2007,0.34305937977659695,0.6628344334217827,9,9,333271119.0,1301225269.72,333271119.0,1301225269.72
HND,2008,,0.6940947704870009,0,9,0.0,1707003277.807,0.0,1707003277.807
HND,2009,0.3791540520553029,0.6472681732239665,9,9,246322339.0,1263564856.662,246322339.0,1263564856.662
HND,2010,0.46696826100824756,0.6921363699080291,9,9,318633320.0,1575529743.98,318633320.0,1575529743.98
HND,2011,0.5127228482512314,0.7063820776416389,9,9,288436627.0,1975489960.2749999,288436627.0,1975489960.275
HND,2012,0.5448967920475013,0.6899283418797422,9,9,335955364.0,1895330744.28,335955364.0,1895330744.28
HND,2013,,0.7073337903023263,0,9,0.0,1898875350.49,0.0,1898875350.49
HND,2014,0.5900579762833633,0.6155995627022302,9,9,467691137.0,1749982315.2900002,467691137.0,1749982315.29
HND,2015,0.5811641888293422,0.5862731319027041,9,9,384894569.0,1768917650.9109998,384894569.0,1768917650.911
HND,2016,0.5586566918177793,0.5831123350559515,9,9,386737413.0,1801618202.4099998,386737413.0,1801618202.41
HND,2017,0.5783540907079537,0.614884501057952,9,9,369490829.15999997,2001151131.64,369490829.15999997,2001151131.64
HND,2018,0.5530362167898784,0.644775399783652,9,9,342701945.71999997,2116341071.233,342701945.71999997,2116341071.233
HND,2019,0.4093670336162876,0.6349055227190336,9,9,193787293.5,2210641931.684,193787293.5,2210641931.684
HND,2020,0.4658461434699442,0.5681180777705718,9,9,396679243.94,2050635943.6350002,396679243.94,2050635943.635
HND,2021,0.46500893849798275,0.5666465592073452,9,9,398671400.90999997,2832478221.376,398671400.91,2832478221.376
HND,2022,,0.5805514184975812,0,9,0.0,3280934340.699,0.0,3280934340.699
HND,2023,0.49642698969537336,0.6054279945619916,9,9,782941145.3500001,3567990347.213,782941145.35,3567990347.213
HND,2024,0.5208543673752005,0.6298529794074477,9,9,931790340.93,3530340979.627,931790340.93,3530340979.627
HND,2025,,0.5898993502095942,0,8,0.0,3516105087.63,0.0,3516105087.63
MEX,2000,0.8942292606879972,0.6522242876913755,9,9,3141082685.0,3411893024.0,3141082685.0,3411893024.0
MEX,2001,0.8901634828586252,0.6439599790832984,9,9,3126241885.0,3800872252.43,3126241885.0,3800872252.43
MEX,2002,0.8796042304035605,0.6235000264885117,9,9,2893888848.0,4489121289.02,2893888848.0,4489121289.02
MEX,2003,0.8938396611577574,0.6255258681883152,9,9,3040250757.0,5118983175.163,3040250757.0,5118983175.163
MEX,2004,0.9096615292794766,0.6235353755912107,9,9,3345536605.0,7312832542.315,3345536605.0,7312832542.315
MEX,2005,0.8867353695118972,0.6534059450820857,9,9,5572972783.0,8099059756.3689995,5572972783.0,8099059756.369
MEX,2006,0.88094806853228,0.6609245922899895,9,9,7311758931.0,9607124319.422,7311758931.0,9607124319.421999
MEX,2007,0.8667394541063712,0.6843018767393927,9,9,9961828134.0,9462081478.151001,9961828134.0,9462081478.151001
MEX,2008,0.8802405270752695,0.6802605766236566,9,8,13071925376.0,9339532618.779999,13071925376.0,9339532618.78
MEX,2009,0.8713283350501193,0.7344961279392292,9,9,9786882787.0,6465570498.231,9786882787.0,6465570498.231
MEX,2010,0.8631935139692771,0.7165008111111526,9,9,14830221175.0,8495088636.931001,14830221175.0,8495088636.931
MEX,2011,0.8425535610870826,0.7232228263433109,9,9,19078432790.0,8627511588.75,19078432790.0,8627511588.75
MEX,2012,0.8481100140667259,0.7277580274646436,9,9,20417479284.0,8380267131.974001,20417479284.0,8380267131.974
MEX,2013,0.8652093884783758,0.728451727547413,9,8,19338489068.0,7992603229.216999,19338489068.0,7992603229.217
MEX,2014,0.8663758705925892,0.76459239499408,9,9,18051185524.0,8314381588.054,18051185524.0,8314381588.054
MEX,2015,0.8807890156492096,0.7460636478727589,9,9,15382677189.0,7962404898.067,15382677189.0,7962404898.067
MEX,2016,0.8951153085904762,0.7307421533965536,9,9,13484777963.0,7960909261.346001,13484777963.0,7960909261.346
MEX,2017,0.8975143902156228,0.692882959542689,9,9,14725890147.0,9021222512.862,14725890147.0,9021222512.862
MEX,2018,0.8851512893033846,0.7030121026266054,9,9,16442851046.0,9349609746.694,16442851046.0,9349609746.694
MEX,2019,0.8700846743817622,0.6896061696968498,9,9,15111871638.0,9569781062.874,15111871638.0,9569781062.874
MEX,2020,0.885432042136457,0.6951660111445792,9,9,12021691678.0,7565047148.086,12021691678.0,7565047148.0859995
MEX,2021,0.8937622577190416,0.681647511296394,9,9,15326618472.0,10329138788.837,15326618472.0,10329138788.837
MEX,2022,0.886871790160509,0.6717617850577146,9,8,17264271123.0,13403898662.097,17264271123.0,13403898662.097
MEX,2023,0.8810513322365638,0.6571301136460393,9,9,15485705571.0,15073198976.587002,15485705571.0,15073198976.587
MEX,2024,0.8560183596056864,0.6981324573559394,9,9,15437634175.0,14660744298.135,15437634175.0,14660744298.135
MEX,2025,0.8612241774301056,0.5818021620384765,9,7,15512071137.0,12937103439.355,15512071137.0,12937103439.355
PER,2000,0.8552639174322777,0.8471783003224772,9,9,1000147631.0,2024467608.0,1000147631.0,2024467608.0
PER,2001,0.8519340059180092,0.83379119735366,9,9,1052669437.0,2152840663.62,1052669437.0,2152840663.62
PER,2002,0.8657099539675193,0.8492426616996454,9,9,1015835829.0,2379809313.37,1015835829.0,2379809313.37
PER,2003,0.826092333927831,0.8279530906758497,9,9,1255071628.0,2866041268.815,1255071628.0,2866041268.815
PER,2004,0.8230315182073853,0.8379952911932875,9,9,2017080918.0,3323806110.806,2017080918.0,3323806110.806
PER,2005,0.7915154398032537,0.8371703605081735,9,9,2833953947.0,4498519190.211,2833953947.0,4498519190.211
PER,2006,0.7864617383440682,0.8409144004020068,9,9,3814313077.0,5958084711.286,3814313077.0,5958084711.286
PER,2007,0.7705325028147394,0.8442413373872086,9,9,4307714821.0,7078003292.36,4307714821.0,7078003292.36
PER,2008,0.7930336577461973,0.8442208324673521,9,8,4822931003.0,9346730036.028,4822931003.0,9346730036.028
PER,2009,0.8703449924544039,0.8503648478965534,9,9,3235741889.0,6284633482.746,3235741889.0,6284633482.746
PER,2010,0.8490914546753324,0.8669765858438288,9,9,5383874410.98,8582465925.613001,5383874410.9800005,8582465925.613
PER,2011,0.8227788318853263,0.8687008402524156,9,9,6313881278.08,10982373232.957,6313881278.08,10982373232.957
PER,2012,0.8335144517372238,0.877643825386325,9,9,8040182215.49,11939976597.989,8040182215.49,11939976597.989
PER,2013,0.8515653931414354,0.8697872925740529,9,8,8071348752.28,11025341663.91,8071348752.28,11025341663.91
PER,2014,0.8550048885163585,0.8716930332085875,9,9,6931078204.379999,9877840377.475,6931078204.38,9877840377.475
PER,2015,0.8837795541839797,0.8554761691148011,9,9,6105196585.660001,8114709946.591001,6105196585.66,8114709946.591001
PER,2016,0.8602542230286642,0.8599286305237619,9,9,4835297913.09,8106306756.309,4835297913.09,8106306756.309
PER,2017,0.842742535762161,0.8620152214607378,9,9,5411325302.69,9358470897.341002,5411325302.69,9358470897.341
PER,2018,0.848080074955259,0.8614673148207115,9,9,5988799239.42,9948276666.475,5988799239.42,9948276666.475
PER,2019,0.8585002592288506,0.853050899091773,9,9,5797740247.459999,9573787495.463,5797740247.46,9573787495.463
PER,2020,0.8662939956320214,0.8517139096437185,9,9,4270921252.49,7553765322.954,4270921252.49,7553765322.9539995
PER,2021,0.8582760761024193,0.8355359445640321,9,9,6122885101.507,10650450432.784,6122885101.507,10650450432.784
PER,2022,0.862423610117205,0.8487591569224966,9,8,7612764159.815,12472317859.24,7612764159.815,12472317859.24
PER,2023,0.8490294205336345,0.8394828767471177,9,9,7435068565.0,11404288826.864,7435068565.0,11404288826.864
PER,2024,0.8625372935905997,0.8503856258998861,9,9,7676569088.145,11015556992.375,7676569088.1449995,11015556992.375
PER,2025,,0.8447954859364198,0,8,0.0,11842580556.619999,0.0,11842580556.619999
