country,year,export_entropy,n_export_partners
ARG,2000,0.640710290360969,14
ARG,2001,0.6938967326988456,14
ARG,2002,0.7428820619756192,14
ARG,2003,0.7529526332670284,14
ARG,2004,0.7556641724928691,14
ARG,2005,0.7489823999951124,14
ARG,2006,0.7626983803406386,14
ARG,2007,0.7532838671457214,14
ARG,2008,0.7334390792024231,14
ARG,2009,0.7352879122244229,14
ARG,2010,0.7374648403729694,14
ARG,2011,0.7351949264450461,14
ARG,2012,0.7549720516828617,14
ARG,2013,0.7388031284274938,14
ARG,2014,0.7143418293339636,14
ARG,2015,0.7209658545496878,14
ARG,2016,0.750107486815666,14
ARG,2017,0.753211655045453,14
ARG,2018,0.7231934662941386,14
ARG,2019,0.7433686168533397,14
ARG,2020,0.7458637423132087,14
ARG,2021,0.7710425498418159,14
ARG,2022,0.7817043756945974,14
ARG,2023,0.771859615621264,14
ARG,2024,0.7434750063470538,14
ARG,2025,0.7299164757341533,14
BOL,2000,0.6386835997714784,14
BOL,2001,0.6600127192404237,14
BOL,2002,0.6439647032134643,14
BOL,2003,0.6631533998205286,14
BOL,2004,0.6886616295929354,14
BOL,2005,0.6408014125478527,14
BOL,2006,0.64805784392961,14
BOL,2007,0.6705991091971969,14
BOL,2008,0.6243092359022231,14
BOL,2009,0.7343663199847468,14
BOL,2010,0.7085645226763276,14
BOL,2011,0.7190038466802603,14
BOL,2012,0.7106457499309736,14
BOL,2013,0.6927112130037988,14
BOL,2014,0.7017599656157557,14
BOL,2015,0.743142761329921,14
BOL,2016,0.8071160335734683,14
BOL,2017,0.8045512070499038,14
BOL,2018,0.7916054160933493,14
BOL,2019,0.7898046522101219,14
BOL,2020,0.8131475746595133,14
BOL,2021,0.8401074301894922,14
BOL,2022,0.8219297576934896,14
BOL,2023,0.8186343847737314,14
BOL,2024,0.8120942046740881,14
BOL,2025,0.7934704917725225,14
BRA,2000,0.6806908415869869,14
BRA,2001,0.6880038733292859,14
BRA,2002,0.6952247096185028,14
BRA,2003,0.7259574287448853,14
BRA,2004,0.7416592741559602,14
BRA,2005,0.761208295634252,14
BRA,2006,0.7740488986590843,14
BRA,2007,0.7743986905209974,14
BRA,2008,0.7856294344723465,14
BRA,2009,0.766110853271243,14
BRA,2010,0.7661815020465081,14
BRA,2011,0.7419121742991125,14
BRA,2012,0.7407323368612102,14
BRA,2013,0.7225814251360602,14
BRA,2014,0.7266796087035986,14
BRA,2015,0.7227140725799919,14
BRA,2016,0.7233924475640234,14
BRA,2017,0.7011709917508601,14
BRA,2018,0.6581717219786055,14
BRA,2019,0.6511694793564657,14
BRA,2020,0.6001233608824512,14
BRA,2021,0.626457986065743,14
BRA,2022,0.6654723016245976,14
BRA,2023,0.6301237656672634,14
BRA,2024,0.6258692875161233,14
BRA,2025,0.628860321711634,14
CHL,2000,0.808139934920632,14
CHL,2001,0.8193553313715841,14
CHL,2002,0.7985877624130676,14
CHL,2003,0.8354776599396353,14
CHL,2004,0.821113542666253,14
CHL,2005,0.8050054527429944,14
CHL,2006,0.8111779692857944,14
CHL,2007,0.7991204289205817,14
CHL,2008,0.8334158311966339,14
CHL,2009,0.7656143426288333,14
CHL,2010,0.7507308885503159,14
CHL,2011,0.7568479560287599,14
CHL,2012,0.7484537897986916,14
CHL,2013,0.7428272286735083,14
CHL,2014,0.7476038985710493,14
CHL,2015,0.741470880458937,14
CHL,2016,0.724235145263236,14
CHL,2017,0.7253667891029738,14
CHL,2018,0.681941657375679,14
CHL,2019,0.6889754334056603,14
CHL,2020,0.6383430930098305,14
CHL,2021,0.6268517993234592,14
CHL,2022,0.6398207944791464,14
CHL,2023,0.645194821815606,14
CHL,2024,0.6362076721722574,14
CHL,2025,0.6387411135231758,14
COL,2000,0.451768382967087,14
COL,2001,0.4827612508109532,14
COL,2002,0.48689612234069274,14
COL,2003,0.4723064091137067,14
COL,2004,0.5112475514228989,14
COL,2005,0.5099456802322554,14
COL,2006,0.5013743305922282,14
COL,2007,0.5388654158945252,14
COL,2008,0.5032393520779704,14
COL,2009,0.5015391544131732,14
COL,2010,0.5444229065207302,14
COL,2011,0.5535040831567659,14
COL,2012,0.5628660788629111,14
COL,2013,0.6220332991104012,14
COL,2014,0.643510223591985,14
COL,2015,0.6726725006123907,14
COL,2016,0.6507484078791107,14
COL,2017,0.6945812897401894,14
COL,2018,0.7126056785562486,14
COL,2019,0.6845735693426025,14
COL,2020,0.7043904875505401,14
COL,2021,0.710260587576236,14
COL,2022,0.6794463576524264,14
COL,2023,0.688089772175707,14
COL,2024,0.6785798534804602,14
COL,2025,0.586505992383561,12
ECU,2000,0.6367663484958661,14
ECU,2001,0.6030698954741646,14
ECU,2002,0.5740717548675764,14
ECU,2003,0.5654157921162689,14
ECU,2004,0.5002905024862287,14
ECU,2005,0.4542435896583308,14
ECU,2006,0.4653329116920059,14
ECU,2007,0.5107254607020152,14
ECU,2008,0.5378591153480863,14
ECU,2009,0.5827661312873252,14
ECU,2010,0.5779128410438372,14
ECU,2011,0.5171979250047675,14
ECU,2012,0.5453730376834817,14
ECU,2013,0.5492784855801702,14
ECU,2014,0.5233711078284614,14
ECU,2015,0.5961479295105361,14
ECU,2016,0.6513704259069593,14
ECU,2017,0.6540988211797658,14
ECU,2018,0.6540821859778789,14
ECU,2019,0.6396377817123751,14
ECU,2020,0.634026059124426,14
ECU,2021,0.6235733269112319,14
ECU,2022,0.5914051949351222,14
ECU,2023,0.5997224558762414,14
ECU,2024,0.6630371437513527,14
ECU,2025,0.6443676976335332,14
GTM,2000,0.4819718609307831,14
GTM,2001,0.5284262655136079,14
GTM,2002,0.4978986642589755,14
GTM,2003,0.4705823279893863,14
GTM,2004,0.4953216702573724,14
GTM,2005,0.3383759906062195,14
GTM,2006,0.5292033584699647,14
GTM,2007,0.4540580544724639,14
GTM,2008,0.4751306245325688,14
GTM,2009,0.45966915828483595,14
GTM,2010,0.4868791919210423,14
GTM,2011,0.4776467743181277,14
GTM,2012,0.4609053097185236,14
GTM,2013,0.48996309029433127,14
GTM,2014,0.48930522513195573,14
GTM,2015,0.5120071207521693,14
GTM,2016,0.5040104525437691,14
GTM,2017,0.5057566127296286,14
GTM,2018,0.4732823259265927,14
GTM,2019,0.4927935535806572,14
GTM,2020,0.5135323245362436,14
GTM,2021,0.5214686996005725,14
GTM,2022,0.5430134260630037,14
GTM,2023,0.5043993601339902,14
GTM,2024,0.4974255517252586,14
GTM,2025,0.5010461062539318,14
HND,2000,0.33638674798995827,13
HND,2001,0.3251931520968339,13
HND,2002,0.3485935588723986,14
HND,2003,0.41064770865804995,14
HND,2004,0.417932954714492,13
HND,2005,0.4457239050917731,14
HND,2006,0.3698672281907382,14
HND,2007,0.4580846612481297,14
HND,2009,0.4601598986021585,14
HND,2010,0.4993177960446328,14
HND,2011,0.5264287434059928,14
HND,2012,0.4460104444581914,14
HND,2014,0.4593458199442853,14
HND,2015,0.41649775523170174,14
HND,2016,0.4096383142283001,14
HND,2017,0.40860390942875346,14
HND,2018,0.41945550068692355,14
HND,2019,0.4024573032705977,14
HND,2020,0.39045757218551,14
HND,2021,0.39208358366268614,14
HND,2023,0.40124211219923767,14
HND,2024,0.41358715293117726,14
MEX,2000,0.10149193499609802,14
MEX,2001,0.10837235010815971,14
MEX,2002,0.10194855162511252,14
MEX,2003,0.11060511208114983,14
MEX,2004,0.09105676177756786,14
MEX,2005,0.1283057531491554,14
MEX,2006,0.14191567705625813,14
MEX,2007,0.16874170855643308,14
MEX,2008,0.19001118483344615,14
MEX,2009,0.18484760644328635,14
MEX,2010,0.20421227960214572,14
MEX,2011,0.22247766125558557,14
MEX,2012,0.22432962578157445,14
MEX,2013,0.2104883283113835,14
MEX,2014,0.19713227019709295,14
MEX,2015,0.19057588271311218,14
MEX,2016,0.19061242384767627,14
MEX,2017,0.20730232032216667,14
MEX,2018,0.20496190113025947,14
MEX,2019,0.19031748753109926,14
MEX,2020,0.1929603535789836,14
MEX,2021,0.19419255742635538,14
MEX,2022,0.1883778174656253,14
MEX,2023,0.17157309796008788,14
MEX,2024,0.16113188655271352,14
MEX,2025,0.15830546631802464,14
PER,2000,0.7172545256564061,14
PER,2001,0.7405999405808735,14
PER,2002,0.7214776434127336,14
PER,2003,0.7051527948924465,14
PER,2004,0.7040397968278724,14
PER,2005,0.6866710318042388,14
PER,2006,0.7448315635895154,14
PER,2007,0.7696302217884246,14
PER,2008,0.7675853061548953,14
PER,2009,0.7610522191256984,14
PER,2010,0.7685827728990078,14
PER,2011,0.7897526749149444,14
PER,2012,0.788959904184576,14
PER,2013,0.7788771803643546,14
PER,2014,0.7890782313111635,14
PER,2015,0.767188505492044,14
PER,2016,0.7182848901621204,14
PER,2017,0.7008927660902743,14
PER,2018,0.6991931260227136,14
PER,2019,0.6965449285767293,14
PER,2020,0.6837339802284449,14
PER,2021,0.664146205763959,14
PER,2022,0.6905179664315333,14
PER,2023,0.6257632285952996,14
PER,2024,0.6252478152613656,14
