exporter,importer,year,value_usd
ARG,BOL,2000,268840104.0
ARG,BRA,2000,6990801568.0
ARG,CHL,2000,2674327252.0
ARG,CHN,2000,796927268.0
ARG,COL,2000,130741050.0
ARG,ECU,2000,62682204.0
ARG,DEU,2000,595469173.0
ARG,GTM,2000,33683283.0
ARG,HND,2000,8068320.0
ARG,JPN,2000,379783229.0
ARG,KOR,2000,151050312.0
ARG,MEX,2000,326354909.0
ARG,PER,2000,295272066.0
ARG,USA,2000,3148713321.0
ARG,BOL,2001,265259303.0
ARG,BRA,2001,6205629881.0
ARG,CHL,2001,2851693186.0
ARG,CHN,2001,1122612132.0
ARG,COL,2001,186445266.0
ARG,ECU,2001,103054931.0
ARG,DEU,2001,463769290.0
ARG,GTM,2001,43762035.0
ARG,HND,2001,7392555.0
ARG,JPN,2001,364148174.0
ARG,KOR,2001,396380754.0
ARG,MEX,2001,484271546.0
ARG,PER,2001,393954434.0
ARG,USA,2001,2900129494.0
ARG,BOL,2002,299987369.0
ARG,BRA,2002,4827790868.0
ARG,CHL,2002,2961084427.0
ARG,CHN,2002,1092354111.0
ARG,COL,2002,188622596.0
ARG,ECU,2002,162447956.0
ARG,DEU,2002,631649431.0
ARG,GTM,2002,47460666.0
ARG,HND,2002,8605788.0
ARG,JPN,2002,408007011.0
ARG,KOR,2002,355446323.0
ARG,MEX,2002,669804499.0
ARG,PER,2002,444305470.0
ARG,USA,2002,2957202479.0
ARG,BOL,2003,241509060.0
ARG,BRA,2003,4663288569.0
ARG,CHL,2003,3536325592.0
ARG,CHN,2003,2478422770.0
ARG,COL,2003,226503205.0
ARG,ECU,2003,135748948.0
ARG,DEU,2003,720761070.0
ARG,GTM,2003,75165102.0
ARG,HND,2003,9826690.0
ARG,JPN,2003,344023660.0
ARG,KOR,2003,434130602.0
ARG,MEX,2003,796212388.0
ARG,PER,2003,414430984.0
ARG,USA,2003,3133532964.0
ARG,BOL,2004,287734727.0
ARG,BRA,2004,5411829940.0
ARG,CHL,2004,3830577482.0
ARG,CHN,2004,2630446718.0
ARG,COL,2004,273011398.0
ARG,ECU,2004,194454558.0
ARG,DEU,2004,779278157.0
ARG,GTM,2004,87488311.0
ARG,HND,2004,32332645.0
ARG,JPN,2004,404784087.0
ARG,KOR,2004,356608436.0
ARG,MEX,2004,1032298218.0
ARG,PER,2004,497888832.0
ARG,USA,2004,3707822011.0
ARG,BOL,2005,379553775.0
ARG,BRA,2005,6328294321.0
ARG,CHL,2005,4497160876.0
ARG,CHN,2005,3154288661.0
ARG,COL,2005,360635163.0
ARG,ECU,2005,264554368.0
ARG,DEU,2005,800601660.0
ARG,GTM,2005,126248444.0
ARG,HND,2005,47574924.0
ARG,JPN,2005,284752718.0
ARG,KOR,2005,344540353.0
ARG,MEX,2005,1157631370.0
ARG,PER,2005,599277995.0
ARG,USA,2005,4570411052.0
ARG,BOL,2006,380544872.0
ARG,BRA,2006,8140971732.0
ARG,CHL,2006,4404623233.0
ARG,CHN,2006,3475852699.0
ARG,COL,2006,550873214.0
ARG,ECU,2006,302420127.0
ARG,DEU,2006,1124426957.0
ARG,GTM,2006,171814160.0
ARG,HND,2006,85697232.0
ARG,JPN,2006,398009454.0
ARG,KOR,2006,428629119.0
ARG,MEX,2006,1519175242.0
ARG,PER,2006,728913458.0
ARG,USA,2006,4119114845.0
ARG,BOL,2007,462686005.0
ARG,BRA,2007,10486056017.0
ARG,CHL,2007,4176200606.0
ARG,CHN,2007,5166608745.0
ARG,COL,2007,576031532.0
ARG,ECU,2007,345274118.0
ARG,DEU,2007,1221234768.0
ARG,GTM,2007,154301588.0
ARG,HND,2007,61476900.0
ARG,JPN,2007,666244344.0
ARG,KOR,2007,674971839.0
ARG,MEX,2007,1433738971.0
ARG,PER,2007,957848103.0
ARG,USA,2007,4344407421.0
ARG,BOL,2008,606850969.0
ARG,BRA,2008,13273283152.0
ARG,CHL,2008,4713566797.0
ARG,CHN,2008,6354956917.0
ARG,COL,2008,810319783.0
ARG,ECU,2008,458071907.0
ARG,DEU,2008,1507967347.0
ARG,GTM,2008,107246674.0
ARG,HND,2008,27556533.0
ARG,JPN,2008,519301359.0
ARG,KOR,2008,587686360.0
ARG,MEX,2008,1336503951.0
ARG,PER,2008,1312616047.0
ARG,USA,2008,5401769038.0
ARG,BOL,2009,580917900.0
ARG,BRA,2009,11379425651.0
ARG,CHL,2009,4386658944.0
ARG,CHN,2009,3666460751.0
ARG,COL,2009,874364407.0
ARG,ECU,2009,454574025.0
ARG,DEU,2009,1391485715.0
ARG,GTM,2009,92422992.0
ARG,HND,2009,16677836.0
ARG,JPN,2009,493393428.0
ARG,KOR,2009,587775054.0
ARG,MEX,2009,935186414.0
ARG,PER,2009,794705468.0
ARG,USA,2009,3680361388.0
ARG,BOL,2010,608412416.0
ARG,BRA,2010,14432985360.0
ARG,CHL,2010,4493082976.0
ARG,CHN,2010,5798857973.0
ARG,COL,2010,1302600876.0
ARG,ECU,2010,501375140.0
ARG,DEU,2010,1832055668.0
ARG,GTM,2010,79592994.0
ARG,HND,2010,12085613.0
ARG,JPN,2010,853777849.0
ARG,KOR,2010,776357698.0
ARG,MEX,2010,1230645434.0
ARG,PER,2010,1131982434.0
ARG,USA,2010,3668828239.0
ARG,BOL,2011,757408841.0
ARG,BRA,2011,17317105273.0
ARG,CHL,2011,4772318044.0
ARG,CHN,2011,6033117422.0
ARG,COL,2011,1806028969.0
ARG,ECU,2011,484975278.0
ARG,DEU,2011,2485979752.0
ARG,GTM,2011,99655900.0
ARG,HND,2011,24086139.0
ARG,JPN,2011,842992617.0
ARG,KOR,2011,972961902.0
ARG,MEX,2011,921285266.0
ARG,PER,2011,1793980271.0
ARG,USA,2011,4301136327.0
ARG,BOL,2012,852160027.0
ARG,BRA,2012,16456671673.0
ARG,CHL,2012,5051833888.0
ARG,CHN,2012,5068295629.0
ARG,COL,2012,2079591109.0
ARG,ECU,2012,417795549.0
ARG,DEU,2012,1970216475.0
ARG,GTM,2012,133844853.0
ARG,HND,2012,33621485.0
ARG,JPN,2012,1207486042.0
ARG,KOR,2012,1381682468.0
ARG,MEX,2012,889136695.0
ARG,PER,2012,1924853114.0
ARG,USA,2012,4023110914.0
ARG,BOL,2013,792976401.0
ARG,BRA,2013,15948973280.0
ARG,CHL,2013,3823118434.0
ARG,CHN,2013,5511587665.0
ARG,COL,2013,1530541047.0
ARG,ECU,2013,346989153.0
ARG,DEU,2013,1637227523.0
ARG,GTM,2013,150692798.0
ARG,HND,2013,30711555.0
ARG,JPN,2013,1391731304.0
ARG,KOR,2013,1002346923.0
ARG,MEX,2013,970251366.0
ARG,PER,2013,1420998196.0
ARG,USA,2013,4182358092.0
ARG,COL,2014,860275100.94
ARG,GTM,2014,55607868.38
ARG,HND,2014,34439766.31
ARG,KOR,2014,485209376.86
ARG,BOL,2014,792184703.43
ARG,BRA,2014,13882694554.2
ARG,CHL,2014,2792208417.82
ARG,CHN,2014,4459977676.38
ARG,ECU,2014,398789382.08
ARG,DEU,2014,1536738696.86
ARG,JPN,2014,748396340.5
ARG,MEX,2014,907503152.21
ARG,PER,2014,1113946069.87
ARG,USA,2014,4081823567.07
ARG,HND,2015,13690268.63
ARG,KOR,2015,582440894.11
ARG,MEX,2015,820451952.67
ARG,BOL,2015,621854385.0
ARG,BRA,2015,10098298889.25
ARG,CHL,2015,2404533452.03
ARG,CHN,2015,5172217719.21
ARG,COL,2015,394004917.84
ARG,ECU,2015,212769270.6
ARG,DEU,2015,1344333735.01
ARG,GTM,2015,68116590.6
ARG,JPN,2015,572731847.37
ARG,PER,2015,720480565.95
ARG,USA,2015,3434544757.84
ARG,CHN,2016,4433497800.73
ARG,HND,2016,20774770.25
ARG,KOR,2016,865957658.38
ARG,BOL,2016,562974038.98
ARG,BRA,2016,9039096959.29
ARG,CHL,2016,2306087499.66
ARG,COL,2016,528150724.64
ARG,ECU,2016,241349621.0
ARG,DEU,2016,1271520126.47
ARG,GTM,2016,72115501.86
ARG,JPN,2016,657635828.24
ARG,MEX,2016,780489365.44
ARG,PER,2016,821401825.11
ARG,USA,2016,4490794349.53
ARG,CHN,2017,4324962269.78
ARG,GTM,2017,147294194.28
ARG,JPN,2017,636689488.64
ARG,KOR,2017,506196934.23
ARG,BOL,2017,612416750.79
ARG,BRA,2017,9307368227.08
ARG,CHL,2017,2620647021.47
ARG,COL,2017,557599471.79
ARG,ECU,2017,378803788.88
ARG,DEU,2017,1164812147.32
ARG,HND,2017,69409816.73
ARG,MEX,2017,645775459.45
ARG,PER,2017,1072660656.07
ARG,USA,2017,4517083170.79
ARG,KOR,2018,291531321.92
ARG,MEX,2018,734649732.42
ARG,JPN,2018,484298811.89
ARG,DEU,2018,1051588360.6
ARG,ECU,2018,406531975.66
ARG,CHN,2018,4210929514.56
ARG,COL,2018,650002261.33
ARG,CHL,2018,3036518130.84
ARG,USA,2018,4277904697.25
ARG,PER,2018,1169516300.18
ARG,BOL,2018,643985547.68
ARG,BRA,2018,11291357444.39
ARG,GTM,2018,127761563.57
ARG,HND,2018,66976195.87
ARG,USA,2019,4109531993.38
ARG,BRA,2019,10385463386.4
ARG,KOR,2019,842700139.94
ARG,CHN,2019,6817852799.41
ARG,COL,2019,896672874.44
ARG,CHL,2019,3069240819.41
ARG,DEU,2019,941690786.93
ARG,GTM,2019,144645716.66
ARG,HND,2019,56194318.87
ARG,JPN,2019,452885232.11
ARG,BOL,2019,617926718.22
ARG,PER,2019,1588094707.98
ARG,MEX,2019,669689499.5
ARG,ECU,2019,292288414.51
ARG,PER,2020,1377828586.48
ARG,KOR,2020,691445771.51
ARG,MEX,2020,437950811.34
ARG,DEU,2020,722593090.35
ARG,JPN,2020,317462402.6
ARG,CHL,2020,2888447135.19
ARG,ECU,2020,235205407.82
ARG,COL,2020,586730484.17
ARG,USA,2020,3309514801.56
ARG,CHN,2020,5244394119.79
ARG,BOL,2020,523177433.1
ARG,BRA,2020,7941276027.52
ARG,HND,2020,41346607.47
ARG,GTM,2020,124578365.01
ARG,CHN,2021,6155976377.3
ARG,BOL,2021,564622320.18
ARG,COL,2021,1129879435.9
ARG,ECU,2021,616957433.16
ARG,HND,2021,62226796.55
ARG,GTM,2021,231658098.63
ARG,BRA,2021,11766915665.76
ARG,KOR,2021,1720166412.17
ARG,USA,2021,4995203073.21
ARG,PER,2021,2007648016.3
ARG,MEX,2021,696174781.0
ARG,DEU,2021,810665236.96
ARG,JPN,2021,721943983.15
ARG,CHL,2021,4204882098.8
ARG,DEU,2022,887391021.61
ARG,COL,2022,1426405351.55
ARG,KOR,2022,2017783824.23
ARG,BOL,2022,543456809.99
ARG,BRA,2022,12637341711.84
ARG,MEX,2022,1116947033.21
ARG,JPN,2022,794564190.92
ARG,PER,2022,2438979397.05
ARG,HND,2022,94574343.45
ARG,GTM,2022,302325908.67
ARG,CHN,2022,7928765039.97
ARG,CHL,2022,5019868878.04
ARG,ECU,2022,756673044.7
ARG,USA,2022,6700936242.48
ARG,PER,2023,2554614988.95
ARG,USA,2023,5648061872.45
ARG,JPN,2023,658805136.28
ARG,KOR,2023,1184802878.2
ARG,DEU,2023,763964928.58
ARG,GTM,2023,313762575.62
ARG,HND,2023,146481637.89
ARG,COL,2023,1283559012.69
ARG,ECU,2023,456639420.24
ARG,CHN,2023,5173514945.26
ARG,BOL,2023,472074183.52
ARG,BRA,2023,11856694694.54
ARG,MEX,2023,841802008.28
ARG,CHL,2023,4940161145.71
ARG,KOR,2024,1233672426.77
ARG,ECU,2024,688794405.67
ARG,DEU,2024,817019397.63
ARG,CHN,2024,5979408050.28
ARG,GTM,2024,433024966.29
ARG,CHL,2024,6343951509.76
ARG,BRA,2024,13620061004.13
ARG,COL,2024,837035788.77
ARG,USA,2024,6476353027.96
ARG,JPN,2024,307775067.13
ARG,PER,2024,2480480202.37
ARG,BOL,2024,395260695.77
ARG,HND,2024,114070203.25
ARG,MEX,2024,796355890.08
ARG,BRA,2025,12783029019.98
ARG,COL,2025,916599364.42
ARG,HND,2025,144580066.73
ARG,USA,2025,8326621834.85
ARG,PER,2025,2549209298.24
ARG,ECU,2025,748562727.96
ARG,JPN,2025,295849268.17
ARG,KOR,2025,576858280.24
ARG,BOL,2025,391499483.27
ARG,CHL,2025,6282585593.81
ARG,DEU,2025,1112221609.01
ARG,GTM,2025,320327183.3
ARG,MEX,2025,656887567.79
ARG,CHN,2025,9716808774.15
BOL,USA,2000,353911308.0
BOL,BRA,2000,166488036.0
BOL,PER,2000,61373185.0
BOL,ARG,2000,61219331.0
BOL,CHL,2000,30746328.0
BOL,CHN,2000,5506134.0
BOL,COL,2000,196030169.0
BOL,ECU,2000,5954052.0
BOL,DEU,2000,13180996.0
BOL,GTM,2000,35416.0
BOL,HND,2000,87416.0
BOL,JPN,2000,3483231.0
BOL,KOR,2000,1748415.0
BOL,MEX,2000,6785993.0
BOL,USA,2001,187886135.49
BOL,ARG,2001,67460441.35
BOL,BRA,2001,299550200.27
BOL,CHL,2001,30308794.61
BOL,CHN,2001,5069530.52
BOL,COL,2001,191931292.42
BOL,ECU,2001,10209652.42
BOL,DEU,2001,8442405.53
BOL,GTM,2001,211569.2
BOL,HND,2001,137657.38
BOL,JPN,2001,2811986.38
BOL,KOR,2001,1845069.24
BOL,MEX,2001,8318217.43
BOL,PER,2001,67516714.62
BOL,CHL,2002,32797045.66
BOL,CHN,2002,7716444.64
BOL,PER,2002,73751737.37
BOL,USA,2002,192147993.85
BOL,ARG,2002,27652539.05
BOL,BRA,2002,336568456.49
BOL,COL,2002,139474698.04
BOL,ECU,2002,3135124.54
BOL,DEU,2002,6642343.35
BOL,GTM,2002,339290.96
BOL,HND,2002,181630.9
BOL,JPN,2002,5863545.97
BOL,KOR,2002,3411970.5
BOL,MEX,2002,19847553.02
BOL,MEX,2003,21101711.68
BOL,JPN,2003,18579289.08
BOL,CHN,2003,11547836.46
BOL,USA,2003,236660801.21
BOL,DEU,2003,6776008.59
BOL,GTM,2003,378849.54
BOL,COL,2003,157766155.15
BOL,KOR,2003,16952148.61
BOL,PER,2003,89922901.13
BOL,ECU,2003,13787005.5
BOL,HND,2003,202270.76
BOL,BRA,2003,503969235.11
BOL,CHL,2003,44000578.44
BOL,ARG,2003,57179906.52
BOL,KOR,2004,56681740.09
BOL,DEU,2004,10246963.85
BOL,ARG,2004,131780655.77
BOL,JPN,2004,68403711.58
BOL,COL,2004,126657036.0
BOL,CHL,2004,50119567.61
BOL,GTM,2004,1572948.28
BOL,ECU,2004,9231652.42
BOL,HND,2004,165490.04
BOL,CHN,2004,23499037.87
BOL,MEX,2004,26992532.15
BOL,BRA,2004,716396236.59
BOL,USA,2004,360769144.16
BOL,PER,2004,139205000.42
BOL,JPN,2005,135140088.56
BOL,KOR,2005,60140672.52
BOL,MEX,2005,20155710.27
BOL,PER,2005,126977210.82
BOL,ARG,2005,268809196.03
BOL,CHL,2005,39763814.0
BOL,COL,2005,181157869.13
BOL,ECU,2005,3040776.16
BOL,GTM,2005,482624.13
BOL,HND,2005,127501.47
BOL,BRA,2005,1140273879.26
BOL,CHN,2005,20565144.06
BOL,DEU,2005,15349910.7
BOL,USA,2005,409197313.15
BOL,JPN,2006,377962202.85
BOL,COL,2006,161913342.27
BOL,ECU,2006,10832193.23
BOL,GTM,2006,508960.22
BOL,HND,2006,206324.5
BOL,CHN,2006,35570304.47
BOL,KOR,2006,48806599.19
BOL,DEU,2006,17671974.17
BOL,MEX,2006,21677435.09
BOL,ARG,2006,391585681.6
BOL,USA,2006,412489510.26
BOL,PER,2006,249481048.57
BOL,BRA,2006,1590978802.07
BOL,CHL,2006,67972036.75
BOL,USA,2007,431004251.31
BOL,PER,2007,233715811.24
BOL,BRA,2007,1750714801.94
BOL,CHL,2007,60956224.56
BOL,JPN,2007,407197847.73
BOL,ARG,2007,433323392.67
BOL,ECU,2007,19029937.95
BOL,MEX,2007,31152415.08
BOL,HND,2007,293900.35
BOL,KOR,2007,198609311.86
BOL,DEU,2007,15910268.1
BOL,COL,2007,159129773.51
BOL,CHN,2007,57648982.46
BOL,GTM,2007,253211.98
BOL,PER,2008,292645721.8
BOL,ECU,2008,13953438.58
BOL,KOR,2008,812569997.52
BOL,HND,2008,312861.75
BOL,CHN,2008,129480088.17
BOL,GTM,2008,85945.1
BOL,ARG,2008,519285708.43
BOL,BRA,2008,3047524707.99
BOL,MEX,2008,39840061.88
BOL,JPN,2008,214373549.09
BOL,COL,2008,218184419.0
BOL,DEU,2008,25785125.15
BOL,CHL,2008,86669269.53
BOL,USA,2008,504853312.48
BOL,COL,2009,293170448.96
BOL,ECU,2009,35794382.3
BOL,KOR,2009,495524996.95
BOL,JPN,2009,303542842.18
BOL,CHN,2009,130642210.87
BOL,DEU,2009,20112313.47
BOL,BRA,2009,1670794847.42
BOL,MEX,2009,27428619.03
BOL,ARG,2009,456049673.2
BOL,HND,2009,142480.5
BOL,GTM,2009,1383140.67
BOL,PER,2009,294122714.91
BOL,USA,2009,492994987.22
BOL,CHL,2009,83603627.81
BOL,CHN,2010,208741693.55
BOL,COL,2010,231134048.94
BOL,ECU,2010,64374635.38
BOL,DEU,2010,31902588.92
BOL,JPN,2010,460298209.6
BOL,GTM,2010,413986.6
BOL,HND,2010,280918.91
BOL,KOR,2010,367140525.24
BOL,MEX,2010,32194738.05
BOL,PER,2010,403043190.94
BOL,USA,2010,703910833.41
BOL,ARG,2010,578748615.03
BOL,BRA,2010,2413681445.95
BOL,CHL,2010,100529883.48
BOL,BRA,2011,3034053008.75
BOL,COL,2011,261121536.14
BOL,ECU,2011,90335958.07
BOL,GTM,2011,370090.3
BOL,HND,2011,296390.16
BOL,KOR,2011,419081315.46
BOL,ARG,2011,1074289729.76
BOL,CHL,2011,157495096.67
BOL,CHN,2011,336850398.75
BOL,DEU,2011,51302572.66
BOL,JPN,2011,540026283.49
BOL,MEX,2011,54325194.05
BOL,PER,2011,469910994.73
BOL,USA,2011,891967402.93
BOL,ARG,2012,2126758025.31
BOL,CHL,2012,237855322.15
BOL,CHN,2012,317693982.09
BOL,COL,2012,422134556.28
BOL,ECU,2012,222150405.29
BOL,DEU,2012,49901053.66
BOL,GTM,2012,388719.77
BOL,HND,2012,147749.96
BOL,JPN,2012,441840174.31
BOL,KOR,2012,358020558.89
BOL,MEX,2012,37126110.52
BOL,PER,2012,647544322.95
BOL,BRA,2012,3678151502.72
BOL,USA,2012,1792845768.55
BOL,BRA,2013,4043249073.47
BOL,CHL,2013,163865782.68
BOL,CHN,2013,324730332.9
BOL,COL,2013,651281664.91
BOL,ECU,2013,151159664.63
BOL,DEU,2013,55922802.58
BOL,GTM,2013,2096598.97
BOL,HND,2013,98020.92
BOL,JPN,2013,417720634.35
BOL,KOR,2013,405067915.79
BOL,PER,2013,660917514.4
BOL,USA,2013,1250064509.61
BOL,ARG,2013,2523462459.31
BOL,MEX,2013,25799612.54
BOL,ARG,2014,2563813038.72
BOL,BRA,2014,3849904902.31
BOL,CHL,2014,113004788.67
BOL,CHN,2014,443024331.45
BOL,COL,2014,646998853.83
BOL,ECU,2014,103054190.52
BOL,DEU,2014,68850631.84
BOL,GTM,2014,268895.43
BOL,HND,2014,174363.11
BOL,JPN,2014,433178903.35
BOL,KOR,2014,496174217.96
BOL,MEX,2014,43880899.25
BOL,PER,2014,564003432.02
BOL,USA,2014,2043752572.13
BOL,ARG,2015,1497183469.54
BOL,BRA,2015,2450898924.78
BOL,CHL,2015,91212601.59
BOL,CHN,2015,468906724.62
BOL,COL,2015,547756922.17
BOL,ECU,2015,123158136.42
BOL,DEU,2015,59631395.03
BOL,GTM,2015,1372013.72
BOL,HND,2015,262836.66
BOL,JPN,2015,407260107.22
BOL,KOR,2015,376056868.58
BOL,MEX,2015,25349892.99
BOL,PER,2015,323489665.81
BOL,USA,2015,1102471322.17
BOL,DEU,2016,63511428.69
BOL,BRA,2016,1378349595.54
BOL,GTM,2016,655840.09
BOL,CHL,2016,102320202.98
BOL,HND,2016,217561.03
BOL,MEX,2016,24905335.08
BOL,JPN,2016,417367444.09
BOL,ARG,2016,830565113.64
BOL,PER,2016,369011262.15
BOL,ECU,2016,92497513.95
BOL,USA,2016,1008110989.45
BOL,COL,2016,583941897.23
BOL,KOR,2016,385831211.01
BOL,CHN,2016,480750453.15
BOL,PER,2017,329531282.66
BOL,ARG,2017,1277712643.45
BOL,MEX,2017,25420531.11
BOL,HND,2017,156876.0
BOL,BRA,2017,1458645320.05
BOL,GTM,2017,1228381.17
BOL,JPN,2017,591634253.36
BOL,DEU,2017,69325259.81
BOL,CHN,2017,463051309.18
BOL,CHL,2017,114818575.58
BOL,COL,2017,417795271.01
BOL,USA,2017,652467913.99
BOL,KOR,2017,629594866.99
BOL,ECU,2017,115287515.59
BOL,DEU,2018,45477269.68
BOL,ARG,2018,1452170302.22
BOL,USA,2018,526293325.89
BOL,HND,2018,375408.34
BOL,CHN,2018,467904742.92
BOL,CHL,2018,131371937.76
BOL,BRA,2018,1720705851.11
BOL,MEX,2018,20842398.62
BOL,ECU,2018,174938477.76
BOL,PER,2018,384830133.0
BOL,JPN,2018,673493524.88
BOL,KOR,2018,579211110.01
BOL,GTM,2018,1003650.4
BOL,COL,2018,419680492.39
BOL,GTM,2019,1023763.85
BOL,HND,2019,3615603.89
BOL,COL,2019,398430107.16
BOL,DEU,2019,42934174.74
BOL,MEX,2019,42364965.12
BOL,BRA,2019,1533266181.09
BOL,CHN,2019,406845296.45
BOL,PER,2019,383449210.27
BOL,ECU,2019,155294830.06
BOL,JPN,2019,720929796.49
BOL,KOR,2019,316836640.63
BOL,CHL,2019,111382514.49
BOL,ARG,2019,1377764330.63
BOL,USA,2019,453955997.02
BOL,KOR,2020,199908519.01
BOL,GTM,2020,979839.57
BOL,HND,2020,237996.82
BOL,ARG,2020,1028476397.73
BOL,CHN,2020,359756546.89
BOL,COL,2020,370445991.72
BOL,ECU,2020,178171309.24
BOL,BRA,2020,1116849258.52
BOL,PER,2020,463280738.53
BOL,MEX,2020,21343550.91
BOL,DEU,2020,41847685.54
BOL,USA,2020,313561798.15
BOL,JPN,2020,529364646.37
BOL,CHL,2020,153347903.26
BOL,KOR,2021,436107853.51
BOL,GTM,2021,1777414.11
BOL,BRA,2021,1449012113.32
BOL,ARG,2021,1043386972.52
BOL,ECU,2021,290837316.25
BOL,DEU,2021,37804029.5
BOL,CHL,2021,190278986.93
BOL,CHN,2021,658999297.53
BOL,COL,2021,713650329.12
BOL,HND,2021,997040.08
BOL,JPN,2021,916809884.37
BOL,MEX,2021,35449930.12
BOL,PER,2021,639568573.17
BOL,USA,2021,545674233.55
BOL,CHN,2022,785081839.09
BOL,GTM,2022,3486508.6
BOL,JPN,2022,967002760.45
BOL,BRA,2022,1893715575.02
BOL,HND,2022,187313.53
BOL,MEX,2022,38313619.2
BOL,ECU,2022,419902514.31
BOL,DEU,2022,39719681.08
BOL,ARG,2022,1747421796.71
BOL,COL,2022,1058566782.17
BOL,KOR,2022,536950411.02
BOL,PER,2022,852054240.71
BOL,USA,2022,372496502.23
BOL,CHL,2022,237378460.55
BOL,BRA,2023,1576261065.66
BOL,CHN,2023,1173101874.94
BOL,COL,2023,957941603.11
BOL,ECU,2023,257260217.79
BOL,DEU,2023,28848971.3
BOL,GTM,2023,8997232.11
BOL,HND,2023,332425.2
BOL,JPN,2023,671264283.09
BOL,KOR,2023,403676863.79
BOL,MEX,2023,49731943.73
BOL,CHL,2023,179299790.23
BOL,PER,2023,590334543.81
BOL,USA,2023,251545692.57
BOL,ARG,2023,996720600.24
BOL,ARG,2024,512479598.14
BOL,ECU,2024,208182135.52
BOL,COL,2024,522122340.05
BOL,GTM,2024,4013403.56
BOL,CHL,2024,136114279.09
BOL,DEU,2024,39604790.46
BOL,KOR,2024,553788703.35
BOL,BRA,2024,1528032469.11
BOL,MEX,2024,43388803.92
BOL,CHN,2024,1350791389.46
BOL,HND,2024,147595.15
BOL,JPN,2024,716984027.68
BOL,USA,2024,305715980.6
BOL,PER,2024,600610358.12
BOL,ARG,2025,190229126.2
BOL,BRA,2025,1246870742.34
BOL,USA,2025,420144235.51
BOL,CHL,2025,122357789.2
BOL,CHN,2025,1853583856.47
BOL,ECU,2025,227113783.63
BOL,DEU,2025,34892589.7
BOL,GTM,2025,5581614.42
BOL,HND,2025,176626.34
BOL,JPN,2025,740496725.13
BOL,KOR,2025,403804352.39
BOL,MEX,2025,101795688.78
BOL,PER,2025,623424055.47
BOL,COL,2025,505612040.07
BRA,DEU,2000,2524701057.0
BRA,MEX,2000,1709783257.0
BRA,ARG,2000,6229543769.0
BRA,BOL,2000,362525301.0
BRA,GTM,2000,76691838.0
BRA,COL,2000,513695105.0
BRA,KOR,2000,580669753.0
BRA,ECU,2000,133038395.0
BRA,PER,2000,352441932.0
BRA,HND,2000,31599162.0
BRA,CHL,2000,1245602706.0
BRA,USA,2000,13360246426.0
BRA,CHN,2000,1084859711.0
BRA,JPN,2000,2471248374.0
BRA,MEX,2001,1866454084.0
BRA,GTM,2001,82060716.0
BRA,DEU,2001,2498270734.0
BRA,CHL,2001,1351012846.0
BRA,JPN,2001,1984742464.0
BRA,PER,2001,285940473.0
BRA,CHN,2001,1901250877.0
BRA,HND,2001,34756274.0
BRA,ARG,2001,4993052394.0
BRA,COL,2001,605263311.0
BRA,KOR,2001,736309319.0
BRA,BOL,2001,333272536.0
BRA,USA,2001,14337494421.0
BRA,ECU,2001,210523287.0
BRA,ARG,2002,2337328058.0
BRA,JPN,2002,2096533157.0
BRA,COL,2002,636222540.0
BRA,CHN,2002,2516553941.0
BRA,KOR,2002,845895307.0
BRA,HND,2002,47852678.0
BRA,MEX,2002,2340989802.0
BRA,ECU,2002,388076574.0
BRA,GTM,2002,112987038.0
BRA,PER,2002,435378615.0
BRA,DEU,2002,2532480199.0
BRA,CHL,2002,1460637333.0
BRA,USA,2002,15503914592.0
BRA,BOL,2002,420575839.0
BRA,CHN,2003,4531201183.0
BRA,DEU,2003,3126041384.0
BRA,GTM,2003,163288138.0
BRA,USA,2003,16866739013.0
BRA,ARG,2003,4559942398.0
BRA,COL,2003,748003431.0
BRA,HND,2003,72375032.0
BRA,BOL,2003,359288486.0
BRA,CHL,2003,1879955849.0
BRA,JPN,2003,2310191147.0
BRA,ECU,2003,354721539.0
BRA,MEX,2003,2740365541.0
BRA,PER,2003,487583483.0
BRA,KOR,2003,1222376569.0
BRA,MEX,2004,3940169565.0
BRA,ECU,2004,491553321.0
BRA,JPN,2004,2766992967.0
BRA,KOR,2004,1429136016.0
BRA,CHL,2004,2545323171.0
BRA,PER,2004,630615613.0
BRA,CHN,2004,5438637977.0
BRA,COL,2004,1034491963.0
BRA,BOL,2004,535324064.0
BRA,DEU,2004,4031584011.0
BRA,USA,2004,20303165706.0
BRA,GTM,2004,252485481.0
BRA,HND,2004,90057836.0
BRA,ARG,2004,7371087001.0
BRA,COL,2005,1414458898.0
BRA,USA,2005,22912151598.0
BRA,DEU,2005,5058804999.0
BRA,PER,2005,938220844.0
BRA,BOL,2005,632028657.0
BRA,ARG,2005,9967855202.0
BRA,ECU,2005,648638958.0
BRA,MEX,2005,4076225055.0
BRA,CHN,2005,6826868482.0
BRA,GTM,2005,334466289.0
BRA,KOR,2005,1896822597.0
BRA,HND,2005,139544973.0
BRA,JPN,2005,3452619654.0
BRA,CHL,2005,3625762680.0
BRA,ECU,2006,875175838.0
BRA,CHL,2006,3913046885.0
BRA,JPN,2006,3893906584.0
BRA,COL,2006,2138679309.0
BRA,MEX,2006,4455574846.0
BRA,ARG,2006,11733140807.0
BRA,CHN,2006,8398203752.0
BRA,PER,2006,1508175157.0
BRA,DEU,2006,5686504471.0
BRA,GTM,2006,322011169.0
BRA,USA,2006,24755775159.0
BRA,BOL,2006,701530010.0
BRA,HND,2006,141589300.0
BRA,KOR,2006,1949699039.0
BRA,BOL,2007,850649983.0
BRA,USA,2007,25321715879.0
BRA,MEX,2007,4259402767.0
BRA,KOR,2007,2054741032.0
BRA,HND,2007,131033650.0
BRA,DEU,2007,7208844559.0
BRA,COL,2007,2337942601.0
BRA,CHN,2007,10776728025.0
BRA,GTM,2007,256039992.0
BRA,CHL,2007,4263350795.0
BRA,PER,2007,1648358963.0
BRA,ECU,2007,661184657.0
BRA,ARG,2007,14409066223.0
BRA,JPN,2007,4320341505.0
BRA,BOL,2008,1135243055.0
BRA,ECU,2008,876438789.0
BRA,KOR,2008,3133101470.0
BRA,JPN,2008,6111848488.0
BRA,COL,2008,2292869631.0
BRA,CHN,2008,16519994032.0
BRA,CHL,2008,4790028940.0
BRA,USA,2008,26859042216.0
BRA,DEU,2008,8847430437.0
BRA,ARG,2008,17598656298.0
BRA,MEX,2008,4278344164.0
BRA,PER,2008,2296461760.0
BRA,HND,2008,134590961.0
BRA,GTM,2008,243795890.0
BRA,MEX,2009,2674594859.0
BRA,KOR,2009,2657500485.0
BRA,HND,2009,80783904.0
BRA,GTM,2009,209031393.0
BRA,DEU,2009,6171900278.0
BRA,PER,2009,1488556704.0
BRA,ARG,2009,12781101996.0
BRA,USA,2009,15741892442.0
BRA,COL,2009,1800110910.0
BRA,JPN,2009,4269526894.0
BRA,ECU,2009,637659317.0
BRA,CHN,2009,20994919787.0
BRA,CHL,2009,2653507807.0
BRA,BOL,2009,919220042.0
BRA,HND,2010,75004347.0
BRA,GTM,2010,255438414.0
BRA,MEX,2010,3714482128.0
BRA,JPN,2010,7140402276.0
BRA,ECU,2010,978200683.0
BRA,PER,2010,2019455115.0
BRA,CHN,2010,30747553704.0
BRA,USA,2010,19458888633.0
BRA,BOL,2010,1162674875.0
BRA,COL,2010,2195080835.0
BRA,KOR,2010,3759735134.0
BRA,DEU,2010,8134204596.0
BRA,CHL,2010,4256776051.0
BRA,ARG,2010,18507273060.0
BRA,JPN,2011,9471865562.0
BRA,COL,2011,2575706023.0
BRA,BOL,2011,1511192508.0
BRA,ARG,2011,22701356452.0
BRA,KOR,2011,4693089887.0
BRA,PER,2011,2261006622.0
BRA,ECU,2011,932748971.0
BRA,USA,2011,25914834129.0
BRA,DEU,2011,9038448035.0
BRA,MEX,2011,3956542804.0
BRA,CHL,2011,5417200596.0
BRA,HND,2011,96583975.0
BRA,GTM,2011,251138437.0
BRA,CHN,2011,44304607898.0
BRA,ARG,2012,17986736999.0
BRA,CHN,2012,41225811420.0
BRA,PER,2012,2410458739.0
BRA,CHL,2012,4601414246.0
BRA,DEU,2012,7274547267.0
BRA,COL,2012,2820837912.0
BRA,MEX,2012,4002461574.0
BRA,JPN,2012,7954950502.0
BRA,GTM,2012,237266180.0
BRA,KOR,2012,4490872047.0
BRA,ECU,2012,897907833.0
BRA,HND,2012,92554351.0
BRA,BOL,2012,1472448205.0
BRA,USA,2012,26795355394.0
BRA,KOR,2013,4719382566.0
BRA,JPN,2013,7963908764.0
BRA,COL,2013,2556292951.0
BRA,DEU,2013,6550768678.0
BRA,USA,2013,24857207778.0
BRA,ECU,2013,819887366.0
BRA,ARG,2013,19612849252.0
BRA,MEX,2013,3604587020.0
BRA,GTM,2013,245638143.0
BRA,BOL,2013,1534061284.0
BRA,PER,2013,2146794253.0
BRA,HND,2013,83198288.0
BRA,CHN,2013,46023192076.0
BRA,CHL,2013,4482944997.0
BRA,ARG,2014,14277231375.0
BRA,USA,2014,27133856503.0
BRA,PER,2014,1813456320.0
BRA,CHN,2014,40611876675.0
BRA,HND,2014,113340733.0
BRA,DEU,2014,6627220218.0
BRA,BOL,2014,1609420665.0
BRA,ECU,2014,821990689.0
BRA,JPN,2014,6717455170.0
BRA,MEX,2014,3668564938.0
BRA,KOR,2014,3830723496.0
BRA,CHL,2014,4983903057.0
BRA,COL,2014,2383167174.0
BRA,GTM,2014,211558878.0
BRA,BOL,2015,1481873074.0
BRA,JPN,2015,4843041529.0
BRA,CHN,2015,35155353691.0
BRA,KOR,2015,3122040169.0
BRA,GTM,2015,224310403.0
BRA,HND,2015,102248023.0
BRA,MEX,2015,3585817584.0
BRA,DEU,2015,5170618350.0
BRA,CHL,2015,3977939847.0
BRA,USA,2015,24173456307.0
BRA,COL,2015,2113831723.0
BRA,ECU,2015,664883582.0
BRA,ARG,2015,12793412815.0
BRA,PER,2015,1815220905.0
BRA,PER,2016,1948437570.0
BRA,BOL,2016,1428155433.0
BRA,MEX,2016,3813037793.0
BRA,KOR,2016,2881006714.0
BRA,ECU,2016,653583444.0
BRA,USA,2016,23298718605.0
BRA,CHL,2016,4080526602.0
BRA,HND,2016,100952897.0
BRA,DEU,2016,4860766756.0
BRA,CHN,2016,35133314867.0
BRA,JPN,2016,4604146067.0
BRA,ARG,2016,13417339572.0
BRA,COL,2016,2231079816.0
BRA,GTM,2016,194928772.0
BRA,ARG,2017,17618822550.0
BRA,BOL,2017,1506169139.0
BRA,CHL,2017,5031366706.0
BRA,COL,2017,2507787228.0
BRA,DEU,2017,4911018150.0
BRA,KOR,2017,3077014473.0
BRA,ECU,2017,836680780.0
BRA,CHN,2017,47488449966.0
BRA,MEX,2017,4514104147.0
BRA,GTM,2017,266616434.0
BRA,HND,2017,116150420.0
BRA,PER,2017,2245333952.0
BRA,JPN,2017,5261210829.0
BRA,USA,2017,27147587073.0
BRA,CHN,2018,63929563241.0
BRA,JPN,2018,4321411289.0
BRA,GTM,2018,226896903.0
BRA,ECU,2018,904655795.0
BRA,PER,2018,2155179824.0
BRA,MEX,2018,4504798201.0
BRA,BOL,2018,1452665628.0
BRA,HND,2018,114882351.0
BRA,COL,2018,2802244302.0
BRA,CHL,2018,6393547598.0
BRA,USA,2018,29093175404.0
BRA,KOR,2018,3439019735.0
BRA,DEU,2018,5206384657.0
BRA,ARG,2018,14912622709.0
BRA,ARG,2019,9791499854.0
BRA,CHN,2019,63357523149.0
BRA,KOR,2019,3449684548.0
BRA,CHL,2019,5162888571.0
BRA,MEX,2019,4898470809.0
BRA,DEU,2019,4731500358.0
BRA,PER,2019,2216016093.0
BRA,HND,2019,108012409.0
BRA,USA,2019,29860026918.0
BRA,JPN,2019,5431771362.0
BRA,COL,2019,3100315233.0
BRA,GTM,2019,285500902.0
BRA,ECU,2019,832811941.0
BRA,BOL,2019,1411089484.0
BRA,HND,2020,103274579.0
BRA,CHL,2020,3849842523.0
BRA,CHN,2020,67788075211.0
BRA,GTM,2020,256070608.0
BRA,PER,2020,1659787430.0
BRA,ECU,2020,599398129.0
BRA,DEU,2020,4123730396.0
BRA,ARG,2020,8488738068.0
BRA,JPN,2020,4127277226.0
BRA,BOL,2020,1025144926.0
BRA,KOR,2020,3762436944.0
BRA,USA,2020,21618696854.0
BRA,MEX,2020,3829385290.0
BRA,COL,2020,2290911934.0
BRA,KOR,2021,5670844906.0
BRA,MEX,2021,5560486888.0
BRA,PER,2021,3074356673.0
BRA,ECU,2021,895392093.0
BRA,BOL,2021,1522067118.0
BRA,GTM,2021,352850327.0
BRA,HND,2021,158931440.0
BRA,DEU,2021,5042729163.0
BRA,ARG,2021,11878463042.0
BRA,USA,2021,31337515819.0
BRA,CHN,2021,87907887856.0
BRA,JPN,2021,5539499830.0
BRA,CHL,2021,7018693189.0
BRA,COL,2021,3346823307.0
BRA,GTM,2022,564748412.0
BRA,MEX,2022,7055353823.0
BRA,KOR,2022,6242031435.0
BRA,COL,2022,5059463289.0
BRA,ECU,2022,1123093375.0
BRA,DEU,2022,6267794136.0
BRA,HND,2022,214011582.0
BRA,JPN,2022,6603070347.0
BRA,ARG,2022,15348622912.0
BRA,CHN,2022,89718898618.0
BRA,PER,2022,3481058685.0
BRA,USA,2022,38147322478.0
BRA,CHL,2022,9114560869.0
BRA,BOL,2022,1832712623.0
BRA,BOL,2023,1798535294.0
BRA,CHL,2023,7944784712.0
BRA,JPN,2023,6620217025.0
BRA,KOR,2023,5640635083.0
BRA,USA,2023,37451904934.0
BRA,ARG,2023,16712209284.0
BRA,CHN,2023,104324811805.0
BRA,COL,2023,3822571869.0
BRA,DEU,2023,5646806466.0
BRA,ECU,2023,1110177865.0
BRA,HND,2023,205018329.0
BRA,GTM,2023,577223652.0
BRA,MEX,2023,8571678431.0
BRA,PER,2023,3196094519.0
BRA,ARG,2024,13778181666.0
BRA,BOL,2024,1334856950.0
BRA,CHL,2024,6658098288.0
BRA,CHN,2024,94411140802.0
BRA,COL,2024,3233822350.0
BRA,ECU,2024,971429141.0
BRA,DEU,2024,5852295628.0
BRA,GTM,2024,600680784.0
BRA,HND,2024,205392706.0
BRA,USA,2024,40916672535.0
BRA,JPN,2024,5577998685.0
BRA,KOR,2024,5508091295.0
BRA,MEX,2024,7801789195.0
BRA,PER,2024,2890486847.0
BRA,USA,2025,38104222130.0
BRA,GTM,2025,568781603.0
BRA,ARG,2025,18105528787.0
BRA,DEU,2025,6530404137.0
BRA,COL,2025,3433605836.0
BRA,PER,2025,3181685626.0
BRA,HND,2025,170455139.0
BRA,JPN,2025,5512613969.0
BRA,KOR,2025,5474109757.0
BRA,MEX,2025,7730096143.0
BRA,CHN,2025,100021440850.0
BRA,CHL,2025,7206274210.0
BRA,ECU,2025,1097162847.0
BRA,BOL,2025,1311844266.0
CHL,ARG,2000,638977818.0
CHL,BOL,2000,163963397.0
CHL,BRA,2000,969390983.0
CHL,CHN,2000,901771663.0
CHL,COL,2000,236323057.0
CHL,ECU,2000,158656594.0
CHL,DEU,2000,458746868.0
CHL,GTM,2000,25419942.0
CHL,HND,2000,11983505.0
CHL,JPN,2000,2546586945.0
CHL,KOR,2000,809078437.0
CHL,MEX,2000,815643285.0
CHL,PER,2000,439346698.0
CHL,USA,2000,3007750125.0
CHL,PER,2001,586741013.0
CHL,ARG,2001,618698728.0
CHL,BOL,2001,165158021.0
CHL,USA,2001,3483646378.0
CHL,BRA,2001,909577179.0
CHL,CHN,2001,1065035769.0
CHL,COL,2001,286512989.0
CHL,ECU,2001,260935332.0
CHL,DEU,2001,546966713.0
CHL,GTM,2001,72640891.0
CHL,HND,2001,20513447.0
CHL,JPN,2001,2311927527.0
CHL,KOR,2001,596020864.0
CHL,MEX,2001,916979044.0
CHL,PER,2002,466269386.0
CHL,BOL,2002,138975119.0
CHL,USA,2002,3483302946.0
CHL,ARG,2002,232852460.0
CHL,MEX,2002,909438108.0
CHL,ECU,2002,251096251.0
CHL,COL,2002,274555131.0
CHL,BRA,2002,694206468.0
CHL,DEU,2002,425834433.0
CHL,GTM,2002,71038529.0
CHL,CHN,2002,1224827123.0
CHL,HND,2002,19550795.0
CHL,JPN,2002,1927978574.0
CHL,KOR,2002,714386912.0
CHL,USA,2003,3781645756.241
CHL,DEU,2003,654679926.748
CHL,ECU,2003,292906263.069
CHL,COL,2003,283032460.799
CHL,CHN,2003,1909019889.06
CHL,BRA,2003,840397562.096
CHL,BOL,2003,628650747.66
CHL,ARG,2003,304667521.117
CHL,PER,2003,650660740.685
CHL,MEX,2003,912374891.483
CHL,JPN,2003,2425376506.929
CHL,KOR,2003,1086516570.528
CHL,GTM,2003,138855580.113
CHL,HND,2003,23995707.55
CHL,PER,2004,724346752.386
CHL,KOR,2004,1869546278.835
CHL,MEX,2004,1344458327.165
CHL,BOL,2004,635151430.738
CHL,BRA,2004,1405611783.229
CHL,ARG,2004,427339772.307
CHL,CHN,2004,3441793498.298
CHL,COL,2004,310318380.311
CHL,JPN,2004,3907472060.239
CHL,HND,2004,57274735.95
CHL,DEU,2004,910203987.164
CHL,GTM,2004,165531326.428
CHL,USA,2004,5010741777.677
CHL,ECU,2004,314886370.045
CHL,MEX,2005,1601754101.099
CHL,PER,2005,898427914.391
CHL,USA,2005,6711103031.359
CHL,ARG,2005,605823312.371
CHL,BOL,2005,824026202.062
CHL,BRA,2005,1853984381.048
CHL,CHN,2005,4895520164.394
CHL,COL,2005,343875443.055
CHL,ECU,2005,337669800.928
CHL,DEU,2005,1008575113.822
CHL,GTM,2005,128898254.41
CHL,HND,2005,51219156.13
CHL,JPN,2005,5011836798.876
CHL,KOR,2005,2439910325.92
CHL,MEX,2006,2315898455.332
CHL,KOR,2006,3708625913.395
CHL,JPN,2006,6479635301.013
CHL,DEU,2006,1791154786.844
CHL,ECU,2006,402665518.194
CHL,CHN,2006,5254849856.956
CHL,COL,2006,487820941.824
CHL,BOL,2006,1072859330.113
CHL,BRA,2006,2813764746.06
CHL,PER,2006,1188458864.716
CHL,GTM,2006,151215874.563
CHL,HND,2006,45061590.42
CHL,USA,2006,9414128426.139
CHL,ARG,2006,739309262.288
CHL,ARG,2007,796429021.061
CHL,USA,2007,8674657707.127
CHL,ECU,2007,437120581.874
CHL,DEU,2007,1729276253.142
CHL,GTM,2007,248978731.687
CHL,HND,2007,40824017.37
CHL,KOR,2007,4034178240.839
CHL,MEX,2007,2321691434.071
CHL,CHN,2007,10505913601.187
CHL,JPN,2007,7516263396.76
CHL,BOL,2007,1263470838.421
CHL,BRA,2007,3396909907.978
CHL,COL,2007,608869421.666
CHL,PER,2007,1224903442.12
CHL,BRA,2008,3864882970.286
CHL,COL,2008,707767075.904
CHL,ECU,2008,495766498.46
CHL,DEU,2008,1683895279.625
CHL,MEX,2008,2159337578.9
CHL,ARG,2008,988115022.247
CHL,BOL,2008,1592683839.769
CHL,GTM,2008,324781956.456
CHL,JPN,2008,6340505855.823
CHL,HND,2008,55505446.057
CHL,KOR,2008,3315523298.884
CHL,CHN,2008,8519586331.039
CHL,PER,2008,1626425803.228
CHL,USA,2008,8050224294.069
CHL,KOR,2009,3241491137.624
CHL,MEX,2009,1482140289.201
CHL,BRA,2009,2821665762.511
CHL,GTM,2009,126201585.916
CHL,HND,2009,25359533.162
CHL,PER,2009,1365152655.836
CHL,ECU,2009,416479465.515
CHL,DEU,2009,1110440336.608
CHL,ARG,2009,720829427.759
CHL,USA,2009,6223870915.814
CHL,CHN,2009,13028210885.406
CHL,JPN,2009,5103304402.381
CHL,COL,2009,554106265.644
CHL,BOL,2009,1206060113.886
CHL,PER,2010,1505988997.673
CHL,MEX,2010,1921550680.131
CHL,JPN,2010,7719749312.874
CHL,KOR,2010,4210872572.809
CHL,HND,2010,32947323.62
CHL,DEU,2010,991300993.638
CHL,ECU,2010,475562705.95
CHL,COL,2010,730179017.265
CHL,BRA,2010,4223819428.078
CHL,CHN,2010,17324906832.467
CHL,GTM,2010,69891409.582
CHL,BOL,2010,1361585435.477
CHL,ARG,2010,992093546.28
CHL,USA,2010,6918371955.023
CHL,ARG,2011,1181881200.521
CHL,GTM,2011,98929719.19
CHL,JPN,2011,9114601122.355
CHL,USA,2011,9026965758.439
CHL,CHN,2011,18629247590.732
CHL,HND,2011,33860326.755
CHL,BRA,2011,4495756363.848
CHL,COL,2011,899879994.541
CHL,DEU,2011,1135479141.096
CHL,MEX,2011,1820666222.58
CHL,PER,2011,1922145357.227
CHL,BOL,2011,1730327826.986
CHL,ECU,2011,528997837.774
CHL,KOR,2011,4444550979.81
CHL,KOR,2012,4525499003.953
CHL,DEU,2012,939904058.415
CHL,MEX,2012,1342367884.614
CHL,USA,2012,9591735790.242
CHL,BOL,2012,1685389826.386
CHL,BRA,2012,4291728611.571
CHL,PER,2012,1762545970.039
CHL,HND,2012,38838565.87
CHL,COL,2012,912488647.371
CHL,JPN,2012,8326662103.911
CHL,GTM,2012,97788246.082
CHL,ECU,2012,516103337.125
CHL,ARG,2012,1060910626.677
CHL,CHN,2012,18078273448.033
CHL,ECU,2013,522347563.968
CHL,CHN,2013,19067224325.083
CHL,PER,2013,1839714041.51
CHL,MEX,2013,1314302472.247
CHL,BRA,2013,4393104079.507
CHL,ARG,2013,1041190538.584
CHL,BOL,2013,1789276032.323
CHL,USA,2013,9786033553.69
CHL,GTM,2013,100239279.011
CHL,KOR,2013,4165603923.001
CHL,HND,2013,42633749.31
CHL,DEU,2013,1004629599.427
CHL,JPN,2013,7486998552.511
CHL,COL,2013,865541176.384
CHL,BRA,2014,4021257303.559
CHL,CHN,2014,18192756002.76
CHL,KOR,2014,4642528686.937
CHL,ARG,2014,961748150.916
CHL,COL,2014,901474746.331
CHL,GTM,2014,112681070.937
CHL,MEX,2014,1302133387.674
CHL,USA,2014,9261013493.25
CHL,ECU,2014,514422135.51
CHL,DEU,2014,938944327.141
CHL,JPN,2014,7353188940.198
CHL,HND,2014,43438290.71
CHL,PER,2014,1846683232.585
CHL,BOL,2014,1698040833.738
CHL,USA,2015,8181088728.508
CHL,COL,2015,784965496.21
CHL,KOR,2015,3993185230.458
CHL,CHN,2015,16219259747.057
CHL,GTM,2015,105735308.56
CHL,JPN,2015,5278741912.689
CHL,MEX,2015,1342739219.447
CHL,ECU,2015,454001169.736
CHL,ARG,2015,801846349.579
CHL,HND,2015,44575549.501
CHL,BRA,2015,3047528710.251
CHL,DEU,2015,803351142.041
CHL,BOL,2015,1300484763.038
CHL,PER,2015,1613538926.831
CHL,CHN,2016,17348479286.977
CHL,ECU,2016,430142439.726
CHL,HND,2016,45810665.01
CHL,BRA,2016,2956544570.89
CHL,USA,2016,8468205766.59
CHL,COL,2016,745779280.95
CHL,ARG,2016,739518089.921
CHL,GTM,2016,101554007.886
CHL,KOR,2016,4202856051.185
CHL,PER,2016,1528314073.049
CHL,MEX,2016,1207066545.986
CHL,JPN,2016,5182945181.274
CHL,DEU,2016,706239605.438
CHL,BOL,2016,1280998460.186
CHL,USA,2017,10052857935.575
CHL,KOR,2017,4241601890.0
CHL,MEX,2017,1169071998.232
CHL,DEU,2017,1073163174.338
CHL,BRA,2017,3419650584.068
CHL,CHN,2017,18864396534.346
CHL,JPN,2017,6352014376.098
CHL,HND,2017,37758875.0
CHL,GTM,2017,108670972.428
CHL,ECU,2017,506302847.704
CHL,COL,2017,703822230.831
CHL,ARG,2017,968761129.094
CHL,PER,2017,1700327724.821
CHL,BOL,2017,1198288970.021
CHL,BRA,2018,3327441965.62
CHL,BOL,2018,1049583536.19
CHL,ARG,2018,793773362.206
CHL,USA,2018,10433383390.303
CHL,HND,2018,43876391.983
CHL,COL,2018,722780175.013
CHL,MEX,2018,1290859376.765
CHL,KOR,2018,4287513311.127
CHL,JPN,2018,6856287781.629
CHL,GTM,2018,126977631.755
CHL,DEU,2018,1017072257.889
CHL,PER,2018,1732417068.106
CHL,ECU,2018,494938926.439
CHL,CHN,2018,24878840622.615
CHL,MEX,2019,1324562633.076
CHL,KOR,2019,4494206634.062
CHL,BRA,2019,3111520960.512
CHL,BOL,2019,908357408.13
CHL,GTM,2019,118414882.369
CHL,HND,2019,32670492.156
CHL,DEU,2019,848839093.964
CHL,JPN,2019,6225518269.47
CHL,ECU,2019,445956183.136
CHL,CHN,2019,22146545498.432
CHL,COL,2019,643552273.627
CHL,ARG,2019,599495207.2
CHL,USA,2019,9584854078.421
CHL,PER,2019,1811347864.928
CHL,PER,2020,1536478193.238
CHL,DEU,2020,1064640736.4
CHL,GTM,2020,122708978.344
CHL,HND,2020,31460937.834
CHL,KOR,2020,4184930100.982
CHL,MEX,2020,1046402957.751
CHL,JPN,2020,6623194802.022
CHL,ECU,2020,429319126.877
CHL,CHN,2020,28629400775.613
CHL,COL,2020,582142608.082
CHL,BRA,2020,3081546542.982
CHL,BOL,2020,793486015.557
CHL,USA,2020,9787656240.517
CHL,ARG,2020,617239246.188
CHL,DEU,2021,1075678114.386
CHL,CHN,2021,36523644705.769
CHL,JPN,2021,7238280997.11
CHL,BRA,2021,4582086918.364
CHL,KOR,2021,4826182327.101
CHL,ARG,2021,787339057.547
CHL,MEX,2021,1390892390.632
CHL,PER,2021,1655861496.451
CHL,COL,2021,695519535.795
CHL,ECU,2021,503590803.081
CHL,HND,2021,30807311.95
CHL,BOL,2021,908985979.121
CHL,USA,2021,14932946858.562
CHL,GTM,2021,137789145.29
CHL,ARG,2022,908757741.494
CHL,BOL,2022,1227644673.715
CHL,BRA,2022,4487432579.39
CHL,CHN,2022,38902826211.375
CHL,COL,2022,924759395.853
CHL,ECU,2022,571174945.845
CHL,DEU,2022,1027347094.708
CHL,GTM,2022,186003750.687
CHL,HND,2022,41867932.157
CHL,JPN,2022,7498577102.133
CHL,MEX,2022,1767127283.466
CHL,PER,2022,1812545122.99
CHL,USA,2022,13609949573.963
CHL,KOR,2022,6377141723.465
CHL,CHN,2023,35589329060.538
CHL,ARG,2023,882682104.346
CHL,BRA,2023,4241721466.88
CHL,GTM,2023,190489262.069
CHL,MEX,2023,1694597895.127
CHL,USA,2023,14448210874.152
CHL,JPN,2023,6837152259.018
CHL,BOL,2023,1423707173.085
CHL,ECU,2023,575553232.772
CHL,PER,2023,1560534235.174
CHL,DEU,2023,1053498369.024
CHL,KOR,2023,5697212692.17
CHL,COL,2023,698405160.783
CHL,HND,2023,49311230.733
CHL,DEU,2024,1168468249.339
CHL,GTM,2024,187031364.653
CHL,HND,2024,53211767.345
CHL,JPN,2024,8359996102.85
CHL,BOL,2024,1040824013.119
CHL,ECU,2024,491814040.755
CHL,KOR,2024,4553020073.235
CHL,MEX,2024,1726804383.957
CHL,PER,2024,1492677931.197
CHL,USA,2024,15677802397.502
CHL,BRA,2024,5012994091.124
CHL,ARG,2024,848542354.205
CHL,CHN,2024,37327494006.869
CHL,COL,2024,813028518.729
CHL,DEU,2025,1804708823.256
CHL,HND,2025,53736620.271
CHL,JPN,2025,8935553158.698
CHL,KOR,2025,5187377748.2
CHL,MEX,2025,1862689543.421
CHL,CHN,2025,40646912358.789
CHL,BOL,2025,1025886795.507
CHL,BRA,2025,4899147431.538
CHL,COL,2025,844069300.054
CHL,PER,2025,1586534402.81
CHL,ARG,2025,1066320948.116
CHL,ECU,2025,548516754.186
CHL,USA,2025,17740428292.639
CHL,GTM,2025,196472600.162
COL,ARG,2000,55899153.0
COL,BOL,2000,37942753.0
COL,BRA,2000,283636506.0
COL,CHL,2000,191371553.0
COL,CHN,2000,29357745.0
COL,ECU,2000,466797573.0
COL,DEU,2000,434166646.0
COL,GTM,2000,65184087.0
COL,HND,2000,39485237.0
COL,JPN,2000,230434026.0
COL,KOR,2000,45585026.0
COL,MEX,2000,230474411.0
COL,PER,2000,372539483.0
COL,USA,2000,6632131633.0
COL,ARG,2001,37097526.0
COL,BOL,2001,41761072.0
COL,BRA,2001,166704142.0
COL,CHL,2001,167991026.0
COL,CHN,2001,19907155.0
COL,ECU,2001,699928693.0
COL,DEU,2001,416905312.0
COL,GTM,2001,76697563.0
COL,HND,2001,24594086.0
COL,KOR,2001,43647108.0
COL,JPN,2001,164730687.0
COL,MEX,2001,261342064.0
COL,PER,2001,277458199.0
COL,USA,2001,5344533010.0
COL,ARG,2002,13102315.0
COL,BOL,2002,36939368.0
COL,BRA,2002,107822632.0
COL,CHN,2002,27824700.0
COL,CHL,2002,171517204.0
COL,ECU,2002,811558728.0
COL,DEU,2002,331743224.0
COL,GTM,2002,82775172.0
COL,HND,2002,28565664.0
COL,KOR,2002,46575906.0
COL,JPN,2002,193490605.0
COL,MEX,2002,306584195.0
COL,PER,2002,347314258.0
COL,USA,2002,5328470375.0
COL,ARG,2003,18898407.0
COL,BOL,2003,36421092.0
COL,BRA,2003,92847751.0
COL,CHL,2003,188201290.0
COL,CHN,2003,82204483.0
COL,ECU,2003,778965994.0
COL,DEU,2003,264398822.0
COL,GTM,2003,91101085.0
COL,HND,2003,35237202.0
COL,JPN,2003,201532484.0
COL,KOR,2003,75558108.0
COL,MEX,2003,358162884.0
COL,PER,2003,395373542.0
COL,USA,2003,6160245384.0
COL,ARG,2004,36343251.0
COL,BOL,2004,59598618.0
COL,BRA,2004,141188195.0
COL,CHL,2004,254344506.0
COL,CHN,2004,137503645.0
COL,ECU,2004,1010665131.0
COL,DEU,2004,264891898.0
COL,GTM,2004,127228166.0
COL,HND,2004,37057278.0
COL,JPN,2004,262077600.0
COL,KOR,2004,92809092.0
COL,MEX,2004,525066897.0
COL,PER,2004,544250473.0
COL,USA,2004,7042200950.0
COL,ARG,2005,47382342.0
COL,BOL,2005,49801297.0
COL,BRA,2005,141348419.0
COL,CHL,2005,296174094.0
COL,CHN,2005,236688846.0
COL,ECU,2005,1324407501.0
COL,DEU,2005,339201596.0
COL,GTM,2005,142192653.0
COL,HND,2005,46416721.0
COL,JPN,2005,330180584.0
COL,KOR,2005,135949547.0
COL,MEX,2005,610934196.0
COL,PER,2005,710088721.0
COL,USA,2005,8851631432.0
COL,ARG,2006,51186522.0
COL,BOL,2006,58501257.0
COL,BRA,2006,190701224.0
COL,CHL,2006,258760033.0
COL,CHN,2006,452420408.0
COL,ECU,2006,1237076077.0
COL,DEU,2006,360433417.0
COL,GTM,2006,157249997.0
COL,HND,2006,43552140.0
COL,JPN,2006,323750243.0
COL,KOR,2006,201080049.0
COL,MEX,2006,581598951.0
COL,PER,2006,692046282.0
COL,USA,2006,9948229958.0
COL,ARG,2007,74110456.0
COL,BOL,2007,65550367.0
COL,BRA,2007,471366264.0
COL,CHL,2007,375830630.0
COL,CHN,2007,784758135.0
COL,ECU,2007,1276036093.0
COL,DEU,2007,552658755.0
COL,GTM,2007,160567321.0
COL,HND,2007,58044640.0
COL,JPN,2007,395287514.0
COL,KOR,2007,110887235.0
COL,MEX,2007,495448172.0
COL,PER,2007,806059545.0
COL,USA,2007,10609166832.0
COL,ARG,2008,132548767.0
COL,BOL,2008,101851459.0
COL,BRA,2008,648940943.0
COL,CHL,2008,848855409.0
COL,CHN,2008,442953267.0
COL,ECU,2008,1499562151.0
COL,DEU,2008,637579472.0
COL,GTM,2008,184636363.0
COL,HND,2008,61060495.0
COL,JPN,2008,371562100.0
COL,KOR,2008,113111056.0
COL,MEX,2008,616956833.0
COL,PER,2008,854617979.0
COL,USA,2008,14288832815.0
COL,ARG,2009,98586253.0
COL,BOL,2009,90411669.0
COL,BRA,2009,576635685.0
COL,CHL,2009,627076615.0
COL,CHN,2009,949726235.0
COL,ECU,2009,1257333602.0
COL,DEU,2009,365364998.0
COL,GTM,2009,179204211.0
COL,HND,2009,49042783.0
COL,JPN,2009,336295590.0
COL,KOR,2009,107131145.0
COL,MEX,2009,535705615.0
COL,PER,2009,788032059.0
COL,USA,2009,13123465721.0
COL,ARG,2010,130382390.0
COL,BOL,2010,106646377.0
COL,BRA,2010,1040262882.0
COL,CHL,2010,906924506.0
COL,CHN,2010,1966623923.0
COL,ECU,2010,1824535234.0
COL,DEU,2010,249930118.0
COL,GTM,2010,287952023.0
COL,HND,2010,173326030.0
COL,JPN,2010,511058167.0
COL,KOR,2010,372660520.0
COL,MEX,2010,638214736.0
COL,PER,2010,1131840170.0
COL,USA,2010,17143276691.0
COL,ARG,2011,305249525.0
COL,BOL,2011,141300426.0
COL,BRA,2011,1370308420.0
COL,CHL,2011,2205006468.0
COL,CHN,2011,1989061246.0
COL,ECU,2011,1908591669.0
COL,DEU,2011,419384037.0
COL,GTM,2011,573512106.0
COL,HND,2011,293072616.0
COL,JPN,2011,527962611.0
COL,KOR,2011,276148481.0
COL,MEX,2011,704938268.0
COL,PER,2011,1396866761.0
COL,USA,2011,21948534649.0
COL,ARG,2012,288252941.0
COL,BOL,2012,125254836.0
COL,BRA,2012,1290578514.0
COL,CHL,2012,2189220351.0
COL,CHN,2012,3343081151.0
COL,ECU,2012,1910497979.0
COL,DEU,2012,395212074.0
COL,GTM,2012,588797269.0
COL,HND,2012,185381135.0
COL,JPN,2012,360240030.0
COL,KOR,2012,335985476.0
COL,MEX,2012,835104453.0
COL,PER,2012,1582089270.0
COL,USA,2012,22216238420.0
COL,ARG,2013,433025665.0
COL,BOL,2013,143725531.0
COL,BRA,2013,1590628608.0
COL,CHL,2013,1571632867.0
COL,CHN,2013,5102171367.0
COL,ECU,2013,1974770122.0
COL,DEU,2013,780360128.0
COL,GTM,2013,670432605.0
COL,HND,2013,216425830.0
COL,JPN,2013,387854821.0
COL,KOR,2013,229995243.0
COL,MEX,2013,863806444.0
COL,PER,2013,1273932797.0
COL,USA,2013,18692894803.0
COL,ARG,2014,201122103.0
COL,BOL,2014,138771675.0
COL,BRA,2014,1622412835.0
COL,CHL,2014,988881861.0
COL,CHN,2014,5755134796.0
COL,ECU,2014,1884349394.0
COL,DEU,2014,633519790.0
COL,GTM,2014,272947413.0
COL,HND,2014,89930886.0
COL,JPN,2014,420904129.0
COL,KOR,2014,519683014.0
COL,MEX,2014,914415882.0
COL,PER,2014,1186627273.0
COL,USA,2014,14470697030.0
COL,ARG,2015,150654259.0
COL,BOL,2015,149215057.0
COL,BRA,2015,1189886623.0
COL,CHL,2015,736748944.0
COL,CHN,2015,2263724801.0
COL,ECU,2015,1432592619.0
COL,DEU,2015,495743257.0
COL,GTM,2015,218191917.0
COL,HND,2015,82566576.0
COL,JPN,2015,519899304.0
COL,KOR,2015,229363358.0
COL,MEX,2015,914260267.0
COL,PER,2015,1148077526.0
COL,USA,2015,10052617474.0
COL,ARG,2016,176212111.0
COL,BOL,2016,148687492.0
COL,BRA,2016,994850410.0
COL,CHL,2016,670048012.0
COL,CHN,2016,1127139682.0
COL,ECU,2016,1199721004.0
COL,DEU,2016,475869035.0
COL,GTM,2016,303393244.0
COL,HND,2016,78831877.0
COL,JPN,2016,427631108.0
COL,KOR,2016,402061675.0
COL,MEX,2016,936877803.0
COL,PER,2016,1050798348.0
COL,USA,2016,10206881962.0
COL,JPN,2017,557358655.43
COL,ARG,2017,265577012.01
COL,BOL,2017,155276034.36
COL,BRA,2017,1363479556.31
COL,CHL,2017,1037404939.06
COL,CHN,2017,1999574989.61
COL,ECU,2017,1465317646.82
COL,DEU,2017,473225591.25
COL,GTM,2017,295555787.53
COL,HND,2017,110473233.79
COL,KOR,2017,457038757.04
COL,MEX,2017,1536661544.57
COL,PER,2017,1113929635.69
COL,USA,2017,11012215220.41
COL,ARG,2018,295541223.73
COL,BOL,2018,142951324.88
COL,BRA,2018,1561755031.05
COL,CHL,2018,1190344556.72
COL,CHN,2018,4056050165.5
COL,ECU,2018,1851967414.58
COL,DEU,2018,449453267.48
COL,GTM,2018,342032676.9
COL,HND,2018,95675529.42
COL,JPN,2018,474063767.01
COL,KOR,2018,627432167.92
COL,MEX,2018,1638111768.21
COL,PER,2018,1165001030.09
COL,USA,2018,11325219570.92
COL,PER,2019,1145949946.57
COL,USA,2019,12265652574.02
COL,BRA,2019,1465743374.81
COL,KOR,2019,482030320.55
COL,ARG,2019,236370373.86
COL,BOL,2019,134611004.38
COL,GTM,2019,394751509.74
COL,ECU,2019,1953806101.26
COL,JPN,2019,466279678.23
COL,CHL,2019,967862875.29
COL,MEX,2019,1408993739.29
COL,DEU,2019,482662703.47
COL,HND,2019,94585324.34
COL,CHN,2019,4564928828.18
COL,KOR,2020,571987934.22
COL,USA,2020,9464550453.67
COL,PER,2020,854292994.64
COL,MEX,2020,1161018142.37
COL,ECU,2020,1473607155.48
COL,CHL,2020,774266135.54
COL,BOL,2020,102595968.41
COL,BRA,2020,1274000267.95
COL,DEU,2020,496558911.48
COL,HND,2020,84752949.76
COL,GTM,2020,317821661.17
COL,ARG,2020,211024172.94
COL,JPN,2020,402401097.61
COL,CHN,2020,2750825326.28
COL,USA,2021,11624289496.2
COL,GTM,2021,364392725.24
COL,JPN,2021,467828720.36
COL,PER,2021,1081431778.11
COL,KOR,2021,585784488.28
COL,CHN,2021,3660969368.25
COL,ECU,2021,1757979528.77
COL,ARG,2021,295332710.78
COL,CHL,2021,1089947281.79
COL,MEX,2021,1202671744.83
COL,HND,2021,124907456.27
COL,BOL,2021,127175070.26
COL,DEU,2021,723346093.29
COL,BRA,2021,2049079437.02
COL,CHN,2022,2153790601.5
COL,ECU,2022,1882265485.67
COL,PER,2022,1107119252.49
COL,JPN,2022,606106890.9
COL,HND,2022,125772397.82
COL,USA,2022,15385312047.73
COL,DEU,2022,860344531.97
COL,ARG,2022,420074023.06
COL,BOL,2022,135080136.37
COL,BRA,2022,2332730758.74
COL,CHL,2022,1575751874.0
COL,GTM,2022,459112968.25
COL,MEX,2022,1752313710.3
COL,KOR,2022,609508048.78
COL,ECU,2023,2014886226.94
COL,GTM,2023,410738035.05
COL,PER,2023,1136849305.35
COL,JPN,2023,676855199.74
COL,HND,2023,131088493.16
COL,MEX,2023,1878578601.4
COL,ARG,2023,357426586.73
COL,BOL,2023,123175069.15
COL,BRA,2023,1885420724.04
COL,USA,2023,14112815360.42
COL,KOR,2023,824802033.83
COL,CHN,2023,2469306485.48
COL,CHL,2023,1040754918.89
COL,DEU,2023,586343548.18
COL,PER,2024,1168898871.92
COL,MEX,2024,1956613613.52
COL,USA,2024,14982930859.59
COL,CHL,2024,1032243037.22
COL,CHN,2024,2377153409.01
COL,ARG,2024,300049338.94
COL,BRA,2024,1927266824.91
COL,GTM,2024,508764497.25
COL,HND,2024,138672503.91
COL,ECU,2024,1921040387.07
COL,JPN,2024,508314467.29
COL,KOR,2024,1180226241.19
COL,BOL,2024,106975911.64
COL,DEU,2024,609616410.54
COL,JPN,2025,555093194.63
COL,CHL,2025,1022897319.01
COL,GTM,2025,488842980.42
COL,BRA,2025,1895399887.39
COL,ARG,2025,302289835.23
COL,PER,2025,1563723292.91
COL,USA,2025,14872260539.55
COL,CHN,2025,1645086314.6
COL,DEU,2025,869252096.69
COL,MEX,2025,1592668247.68
COL,HND,2025,174533534.5
COL,BOL,2025,87972240.85
ECU,ARG,2000,92673286.0
ECU,BOL,2000,6104901.0
ECU,BRA,2000,17727466.0
ECU,CHL,2000,220650292.0
ECU,CHN,2000,57717768.0
ECU,COL,2000,259485051.0
ECU,DEU,2000,123437266.0
ECU,GTM,2000,17366875.0
ECU,HND,2000,2297121.0
ECU,JPN,2000,129151657.0
ECU,KOR,2000,317043948.0
ECU,MEX,2000,49763927.0
ECU,PER,2000,288518679.0
ECU,USA,2000,1828213420.0
ECU,ARG,2001,70870118.0
ECU,BOL,2001,5461837.0
ECU,BRA,2001,15096209.0
ECU,CHL,2001,90850507.0
ECU,CHN,2001,9154829.0
ECU,COL,2001,323964576.0
ECU,DEU,2001,151860769.0
ECU,GTM,2001,12389704.0
ECU,HND,2001,5291715.0
ECU,JPN,2001,122198896.0
ECU,KOR,2001,238201073.0
ECU,MEX,2001,49916267.0
ECU,PER,2001,341413808.0
ECU,USA,2001,1781233162.0
ECU,ARG,2002,15114843.0
ECU,BOL,2002,4918597.0
ECU,BRA,2002,13990726.0
ECU,CHL,2002,73954571.0
ECU,CHN,2002,14603399.0
ECU,COL,2002,361035451.0
ECU,DEU,2002,171001683.0
ECU,GTM,2002,45798880.0
ECU,HND,2002,20158367.0
ECU,JPN,2002,98791555.0
ECU,KOR,2002,296081447.0
ECU,MEX,2002,25303518.0
ECU,PER,2002,373711505.0
ECU,USA,2002,2052005287.0
ECU,ARG,2003,31707202.0
ECU,BOL,2003,5330161.0
ECU,BRA,2003,19373392.0
ECU,CHL,2003,66589056.0
ECU,CHN,2003,13578290.0
ECU,COL,2003,362215606.0
ECU,DEU,2003,206865101.0
ECU,GTM,2003,53925728.0
ECU,HND,2003,27642577.0
ECU,JPN,2003,86118108.0
ECU,KOR,2003,241889621.0
ECU,MEX,2003,48051768.0
ECU,PER,2003,632891169.0
ECU,USA,2003,2451554065.0
ECU,ARG,2004,33806669.0
ECU,BRA,2004,74185849.0
ECU,BOL,2004,7121226.0
ECU,CHN,2004,49510413.0
ECU,CHL,2004,123465155.0
ECU,COL,2004,282015056.0
ECU,DEU,2004,193222139.0
ECU,GTM,2004,36089363.0
ECU,HND,2004,8057347.0
ECU,JPN,2004,76497279.0
ECU,KOR,2004,146909641.0
ECU,MEX,2004,40559362.0
ECU,PER,2004,601441723.0
ECU,USA,2004,3264954001.0
ECU,ARG,2005,41875654.0
ECU,BOL,2005,7990588.0
ECU,BRA,2005,89014126.0
ECU,CHL,2005,301271628.0
ECU,CHN,2005,7205041.0
ECU,COL,2005,471283926.0
ECU,DEU,2005,197961246.0
ECU,HND,2005,6886452.0
ECU,GTM,2005,153316499.0
ECU,JPN,2005,72244597.0
ECU,KOR,2005,3381663.0
ECU,MEX,2005,57609459.0
ECU,PER,2005,868896894.0
ECU,USA,2005,4941481388.0
ECU,ARG,2006,44160194.0
ECU,BOL,2006,9289892.0
ECU,BRA,2006,26508106.0
ECU,CHL,2006,554359082.0
ECU,CHN,2006,194727655.0
ECU,COL,2006,715263937.0
ECU,DEU,2006,223218752.0
ECU,HND,2006,16524560.0
ECU,GTM,2006,195376031.0
ECU,KOR,2006,6107716.0
ECU,JPN,2006,122513985.0
ECU,MEX,2006,58384467.0
ECU,PER,2006,1039364087.0
ECU,USA,2006,6824752531.0
ECU,ARG,2007,74812213.0
ECU,BOL,2007,12956755.0
ECU,BRA,2007,36608449.0
ECU,CHL,2007,658138928.0
ECU,CHN,2007,36549975.0
ECU,COL,2007,650626670.0
ECU,DEU,2007,238909413.0
ECU,GTM,2007,215903758.0
ECU,HND,2007,18268898.0
ECU,JPN,2007,104981314.0
ECU,KOR,2007,59196289.0
ECU,MEX,2007,81077893.0
ECU,PER,2007,1491917423.0
ECU,USA,2007,5977818855.0
ECU,ARG,2008,94519157.0
ECU,BOL,2008,22981732.0
ECU,BRA,2008,46033914.0
ECU,CHL,2008,1509366966.0
ECU,CHN,2008,387465529.0
ECU,COL,2008,803778500.0
ECU,DEU,2008,314976939.0
ECU,GTM,2008,182498048.0
ECU,HND,2008,214519833.0
ECU,JPN,2008,107115733.0
ECU,KOR,2008,20796810.0
ECU,MEX,2008,100312788.0
ECU,PER,2008,1731042338.0
ECU,USA,2008,8435396046.0
ECU,ARG,2009,99705637.0
ECU,BOL,2009,10670011.0
ECU,BRA,2009,39962945.0
ECU,CHL,2009,899981866.0
ECU,CHN,2009,124207624.0
ECU,COL,2009,678337976.0
ECU,DEU,2009,326865439.0
ECU,GTM,2009,224614478.0
ECU,HND,2009,60861068.0
ECU,JPN,2009,109239155.0
ECU,KOR,2009,6492477.0
ECU,MEX,2009,70693052.0
ECU,PER,2009,939436156.0
ECU,USA,2009,4625857266.0
ECU,ARG,2010,114297325.0
ECU,BOL,2010,13675616.0
ECU,BRA,2010,51406683.0
ECU,CHL,2010,846628658.0
ECU,CHN,2010,328738287.0
ECU,COL,2010,793061732.0
ECU,DEU,2010,320263685.0
ECU,GTM,2010,104000113.0
ECU,HND,2010,76325846.0
ECU,JPN,2010,401977394.0
ECU,KOR,2010,9213170.0
ECU,MEX,2010,87370693.0
ECU,PER,2010,1335589699.0
ECU,USA,2010,6077495979.0
ECU,ARG,2011,89105965.0
ECU,BOL,2011,22522638.0
ECU,BRA,2011,89561282.0
ECU,CHL,2011,1105504294.0
ECU,CHN,2011,191850041.0
ECU,COL,2011,1023208638.0
ECU,DEU,2011,491940506.0
ECU,GTM,2011,118560980.0
ECU,HND,2011,185082266.0
ECU,JPN,2011,348853675.0
ECU,KOR,2011,28940887.0
ECU,MEX,2011,98332765.0
ECU,PER,2011,1764574386.0
ECU,USA,2011,9725734976.0
ECU,ARG,2012,105340599.0
ECU,BOL,2012,22156831.0
ECU,BRA,2012,136040607.0
ECU,CHL,2012,1993834629.0
ECU,CHN,2012,391462175.0
ECU,COL,2012,1059110207.0
ECU,DEU,2012,378373897.0
ECU,GTM,2012,97088924.0
ECU,HND,2012,143807167.0
ECU,KOR,2012,40036526.0
ECU,JPN,2012,653694024.0
ECU,MEX,2012,101143666.0
ECU,PER,2012,1991584795.0
ECU,USA,2012,10662566848.0
ECU,ARG,2013,145506640.0
ECU,BOL,2013,23470012.0
ECU,BRA,2013,132251965.0
ECU,CHL,2013,2464236294.0
ECU,CHN,2013,568770169.0
ECU,COL,2013,921667812.0
ECU,DEU,2013,415138117.0
ECU,GTM,2013,146763677.0
ECU,HND,2013,105782884.0
ECU,JPN,2013,570418201.0
ECU,KOR,2013,45163346.0
ECU,MEX,2013,124519022.0
ECU,PER,2013,1882868291.0
ECU,USA,2013,11130950704.0
ECU,ARG,2014,196259215.0
ECU,BOL,2014,26172220.0
ECU,BRA,2014,134147776.0
ECU,CHL,2014,2327634743.0
ECU,CHN,2014,485075664.0
ECU,COL,2014,951305103.0
ECU,DEU,2014,525637387.0
ECU,GTM,2014,62874057.0
ECU,HND,2014,26299158.0
ECU,JPN,2014,326006058.0
ECU,KOR,2014,57186682.0
ECU,MEX,2014,147178908.0
ECU,PER,2014,1581765525.0
ECU,USA,2014,11239608448.0
ECU,ARG,2015,215720441.0
ECU,BOL,2015,36477572.0
ECU,BRA,2015,110114421.0
ECU,CHL,2015,1138078611.0
ECU,CHN,2015,722966009.0
ECU,COL,2015,784028399.0
ECU,DEU,2015,548916548.0
ECU,GTM,2015,44751688.0
ECU,HND,2015,11225354.0
ECU,KOR,2015,173027705.0
ECU,JPN,2015,330892549.0
ECU,MEX,2015,156998147.0
ECU,PER,2015,934189484.0
ECU,USA,2015,7226224049.0
ECU,ARG,2016,217565947.0
ECU,BOL,2016,31668879.0
ECU,BRA,2016,144761613.0
ECU,CHL,2016,1150556670.0
ECU,CHN,2016,656382017.0
ECU,COL,2016,810457461.0
ECU,DEU,2016,530649798.0
ECU,GTM,2016,46760449.0
ECU,HND,2016,16895956.0
ECU,JPN,2016,319575896.0
ECU,KOR,2016,82465506.0
ECU,MEX,2016,168078956.0
ECU,PER,2016,934224013.0
ECU,USA,2016,5436084125.0
ECU,ARG,2017,270327947.04
ECU,BOL,2017,35570801.97
ECU,BRA,2017,125602137.05
ECU,CHL,2017,1235160934.79
ECU,CHN,2017,778767324.96
ECU,COL,2017,790853441.25
ECU,DEU,2017,501953629.19
ECU,GTM,2017,75970805.78
ECU,HND,2017,21462501.43
ECU,JPN,2017,389479214.1
ECU,KOR,2017,115473347.41
ECU,MEX,2017,129394632.8
ECU,PER,2017,1297071961.32
ECU,USA,2017,5968418547.01
ECU,HND,2018,76157014.29
ECU,ARG,2018,247096345.038
ECU,USA,2018,6647899803.937
ECU,CHN,2018,1507798627.045
ECU,PER,2018,1632452724.739
ECU,BRA,2018,110304821.854
ECU,DEU,2018,506123725.891
ECU,COL,2018,834845262.103
ECU,MEX,2018,148442331.089
ECU,KOR,2018,104185327.845
ECU,CHL,2018,1452929196.669
ECU,BOL,2018,37707956.335
ECU,JPN,2018,321690054.088
ECU,GTM,2018,37661676.327
ECU,ARG,2019,190961509.618
ECU,BOL,2019,37189718.835
ECU,BRA,2019,90671280.249
ECU,GTM,2019,62093917.095
ECU,USA,2019,6732894791.647
ECU,MEX,2019,132425254.468
ECU,CHN,2019,2896831397.266
ECU,COL,2019,854965758.379
ECU,CHL,2019,1485060322.112
ECU,DEU,2019,331664379.124
ECU,HND,2019,79488312.348
ECU,PER,2019,951961366.185
ECU,KOR,2019,156465850.07
ECU,JPN,2019,349504042.665
ECU,BOL,2020,29385510.473
ECU,HND,2020,20881593.071
ECU,BRA,2020,96322865.36
ECU,ARG,2020,222512570.509
ECU,COL,2020,789622915.199
ECU,JPN,2020,339520246.53
ECU,GTM,2020,33123621.11
ECU,MEX,2020,90856550.765
ECU,CHL,2020,808822362.229
ECU,PER,2020,419005792.756
ECU,USA,2020,4786401668.142
ECU,DEU,2020,398928032.616
ECU,KOR,2020,84790547.86
ECU,CHN,2020,3322341539.144
ECU,USA,2021,6402858058.026
ECU,CHN,2021,4074884603.531
ECU,BOL,2021,36899201.62
ECU,GTM,2021,56418964.672
ECU,COL,2021,851879854.914
ECU,DEU,2021,363544494.235
ECU,PER,2021,618644203.233
ECU,CHL,2021,1120473064.005
ECU,JPN,2021,260485432.929
ECU,KOR,2021,206037153.96
ECU,ARG,2021,246342195.814
ECU,BRA,2021,117728665.195
ECU,HND,2021,20225544.686
ECU,MEX,2021,168039852.561
ECU,DEU,2022,340405738.6
ECU,KOR,2022,205295108.2
ECU,CHN,2022,6241760771.2
ECU,ARG,2022,304563701.5
ECU,GTM,2022,76296855.8
ECU,MEX,2022,197798779.5
ECU,CHL,2022,1360665700.0
ECU,JPN,2022,501330841.7
ECU,USA,2022,9803760036.1
ECU,BRA,2022,124628412.2
ECU,HND,2022,24755669.7
ECU,BOL,2022,38537342.2
ECU,COL,2022,1072200793.5
ECU,PER,2022,1015958363.0
ECU,KOR,2023,80208552.5
ECU,ARG,2023,256992023.7
ECU,BOL,2023,35318187.0
ECU,BRA,2023,116152714.3
ECU,CHN,2023,5672881876.3
ECU,COL,2023,775949971.3
ECU,MEX,2023,203534583.7
ECU,PER,2023,974808196.9
ECU,USA,2023,7402729241.5
ECU,DEU,2023,415769299.8
ECU,CHL,2023,978394907.5
ECU,GTM,2023,164931134.5
ECU,HND,2023,42943339.9
ECU,JPN,2023,227118677.0
ECU,BRA,2024,123703527.042
ECU,JPN,2024,308366256.844
ECU,HND,2024,70974183.443
ECU,CHN,2024,4643172338.77
ECU,DEU,2024,737794173.964
ECU,KOR,2024,128987894.02
ECU,PER,2024,1047072552.608
ECU,COL,2024,824036718.238
ECU,ARG,2024,256590340.275
ECU,CHL,2024,911746307.551
ECU,BOL,2024,23903733.95
ECU,GTM,2024,138398781.729
ECU,MEX,2024,405006715.148
ECU,USA,2024,6359630368.794
ECU,BOL,2025,22375753.937
ECU,BRA,2025,125206480.992
ECU,CHN,2025,5988052872.494
ECU,PER,2025,1078312689.19
ECU,CHL,2025,743009058.736
ECU,ARG,2025,331674774.008
ECU,KOR,2025,142635339.49
ECU,JPN,2025,389443604.904
ECU,COL,2025,886044028.711
ECU,GTM,2025,208183654.09
ECU,USA,2025,6888276996.865
ECU,HND,2025,94364981.789
ECU,MEX,2025,303316033.684
ECU,DEU,2025,730244175.526
GTM,ARG,2000,480945.0
GTM,BOL,2000,54128.0
GTM,BRA,2000,373971.0
GTM,CHL,2000,11539243.0
GTM,CHN,2000,3010426.0
GTM,COL,2000,10150373.0
GTM,ECU,2000,1860803.0
GTM,DEU,2000,107798681.0
GTM,HND,2000,233130433.0
GTM,JPN,2000,62548313.0
GTM,KOR,2000,28582855.0
GTM,MEX,2000,120182598.0
GTM,PER,2000,4655511.0
GTM,USA,2000,978323003.0
GTM,ARG,2001,527646.0
GTM,BRA,2001,251063.0
GTM,BOL,2001,57546.0
GTM,CHL,2001,1782554.0
GTM,CHN,2001,452583.0
GTM,COL,2001,7130678.0
GTM,ECU,2001,812726.0
GTM,DEU,2001,58299756.0
GTM,HND,2001,295305753.0
GTM,JPN,2001,42292598.0
GTM,KOR,2001,93954600.0
GTM,MEX,2001,79053970.0
GTM,PER,2001,6514556.0
GTM,USA,2001,644462606.0
GTM,ARG,2002,211404.0
GTM,BOL,2002,46868.0
GTM,BRA,2002,580652.0
GTM,CHL,2002,8542691.0
GTM,CHN,2002,136478.0
GTM,COL,2002,7596470.0
GTM,ECU,2002,1846572.0
GTM,DEU,2002,46234730.0
GTM,HND,2002,271405028.0
GTM,JPN,2002,29377835.0
GTM,KOR,2002,85581252.0
GTM,MEX,2002,75950182.0
GTM,PER,2002,6092136.0
GTM,USA,2002,728884547.0
GTM,ARG,2003,95779.0
GTM,BOL,2003,101651.0
GTM,BRA,2003,539867.0
GTM,CHL,2003,3367756.0
GTM,CHN,2003,3516840.0
GTM,COL,2003,6634984.0
GTM,ECU,2003,2312076.0
GTM,DEU,2003,46292979.0
GTM,HND,2003,281172346.0
GTM,KOR,2003,59525752.0
GTM,JPN,2003,20498901.0
GTM,MEX,2003,106866725.0
GTM,PER,2003,1440150.0
GTM,USA,2003,791018798.0
GTM,ARG,2004,1236309.0
GTM,BOL,2004,299076.0
GTM,BRA,2004,884534.0
GTM,CHL,2004,7232866.0
GTM,CHN,2004,19359540.0
GTM,COL,2004,6878214.0
GTM,ECU,2004,6008077.0
GTM,DEU,2004,53990857.0
GTM,HND,2004,347542508.0
GTM,JPN,2004,24461668.0
GTM,KOR,2004,33723955.0
GTM,MEX,2004,133351840.0
GTM,PER,2004,6014490.0
GTM,USA,2004,860741126.0
GTM,ARG,2005,1902379.0
GTM,BOL,2005,272083.0
GTM,BRA,2005,2178721.0
GTM,CHL,2005,11557766.0
GTM,CHN,2005,36676540.0
GTM,COL,2005,15017427.0
GTM,ECU,2005,5527819.0
GTM,DEU,2005,73828706.0
GTM,HND,2005,394042606.0
GTM,JPN,2005,38462558.0
GTM,KOR,2005,8364177.0
GTM,MEX,2005,215842389.0
GTM,PER,2005,11341717.0
GTM,USA,2005,2694229471.0
GTM,ARG,2006,1837228.0
GTM,BOL,2006,332295.0
GTM,BRA,2006,1965011.0
GTM,CHL,2006,6268391.0
GTM,CHN,2006,29920386.0
GTM,COL,2006,15037103.0
GTM,ECU,2006,3694042.0
GTM,DEU,2006,67918319.0
GTM,HND,2006,308700234.0
GTM,JPN,2006,41776881.0
GTM,KOR,2006,60529794.0
GTM,MEX,2006,174085850.0
GTM,PER,2006,18132235.0
GTM,USA,2006,1004967351.0
GTM,ARG,2007,4094439.0
GTM,BOL,2007,675128.0
GTM,BRA,2007,14318545.0
GTM,CHL,2007,43417976.0
GTM,CHN,2007,58209706.0
GTM,COL,2007,26170608.0
GTM,ECU,2007,12196013.0
GTM,DEU,2007,85795394.0
GTM,HND,2007,592963392.0
GTM,JPN,2007,59245396.0
GTM,KOR,2007,74732610.0
GTM,MEX,2007,463724746.0
GTM,PER,2007,38143670.0
GTM,USA,2007,2934363046.0
GTM,ARG,2008,4571393.0
GTM,BOL,2008,1363666.0
GTM,BRA,2008,18976242.0
GTM,CHL,2008,97924825.0
GTM,CHN,2008,31767491.0
GTM,COL,2008,40193750.0
GTM,ECU,2008,13798714.0
GTM,DEU,2008,78150534.0
GTM,HND,2008,736828826.0
GTM,JPN,2008,113180430.0
GTM,KOR,2008,31763655.0
GTM,MEX,2008,509492695.0
GTM,PER,2008,53105759.0
GTM,USA,2008,3048511642.0
GTM,ARG,2009,3082904.0
GTM,BOL,2009,1595720.0
GTM,BRA,2009,14324723.0
GTM,CHL,2009,95336817.0
GTM,CHN,2009,30248882.0
GTM,COL,2009,31908707.0
GTM,ECU,2009,9768951.0
GTM,DEU,2009,73506310.0
GTM,HND,2009,606382751.0
GTM,JPN,2009,107940902.0
GTM,KOR,2009,68028951.0
GTM,MEX,2009,424510072.0
GTM,PER,2009,27867540.0
GTM,USA,2009,2953261317.0
GTM,ARG,2010,4204360.0
GTM,BOL,2010,1041889.0
GTM,BRA,2010,13216132.0
GTM,CHL,2010,91594071.0
GTM,CHN,2010,34939835.0
GTM,COL,2010,54346952.0
GTM,ECU,2010,29516175.0
GTM,DEU,2010,94001191.0
GTM,HND,2010,700082526.0
GTM,JPN,2010,146830357.0
GTM,KOR,2010,79324542.0
GTM,MEX,2010,447343570.0
GTM,PER,2010,79759489.0
GTM,USA,2010,3283734538.0
GTM,ARG,2011,8763960.0
GTM,BOL,2011,1002966.0
GTM,BRA,2011,21052007.0
GTM,CHL,2011,135617795.0
GTM,CHN,2011,27940866.0
GTM,COL,2011,67440005.0
GTM,ECU,2011,24215469.0
GTM,DEU,2011,136536898.0
GTM,HND,2011,813672206.0
GTM,JPN,2011,187507967.0
GTM,KOR,2011,122407052.0
GTM,MEX,2011,510787539.0
GTM,PER,2011,82403622.0
GTM,USA,2011,4224787668.0
GTM,ARG,2012,4902777.0
GTM,BOL,2012,1175231.0
GTM,BRA,2012,11091484.0
GTM,CHL,2012,130181737.0
GTM,CHN,2012,34694935.0
GTM,COL,2012,61245094.0
GTM,ECU,2012,22053886.0
GTM,DEU,2012,119578053.0
GTM,HND,2012,795461577.0
GTM,JPN,2012,178431326.0
GTM,KOR,2012,53162391.0
GTM,MEX,2012,549815776.0
GTM,PER,2012,80241333.0
GTM,USA,2012,4154976456.0
GTM,ARG,2013,5718794.0
GTM,BOL,2013,1986356.0
GTM,BRA,2013,16305580.0
GTM,CHN,2013,167219669.0
GTM,CHL,2013,107714969.0
GTM,COL,2013,38643945.0
GTM,ECU,2013,22165665.0
GTM,DEU,2013,87798974.0
GTM,HND,2013,790978857.0
GTM,JPN,2013,189114274.0
GTM,KOR,2013,151507467.0
GTM,MEX,2013,469592592.0
GTM,PER,2013,30110713.0
GTM,USA,2013,3866979897.0
GTM,ARG,2014,3100304.0
GTM,BOL,2014,1727049.0
GTM,BRA,2014,19138114.0
GTM,CHL,2014,112662035.0
GTM,CHN,2014,42603220.0
GTM,COL,2014,52935581.0
GTM,ECU,2014,28279707.0
GTM,DEU,2014,117948371.0
GTM,HND,2014,885487791.0
GTM,JPN,2014,162585895.0
GTM,KOR,2014,288661410.0
GTM,MEX,2014,432442895.0
GTM,PER,2014,30584653.0
GTM,USA,2014,3943691612.0
GTM,ARG,2015,7456760.0
GTM,BOL,2015,1175902.0
GTM,BRA,2015,20043254.0
GTM,CHL,2015,104899579.0
GTM,CHN,2015,207185396.0
GTM,COL,2015,62203972.0
GTM,ECU,2015,38040248.0
GTM,DEU,2015,85105108.0
GTM,HND,2015,903372628.0
GTM,JPN,2015,185442961.0
GTM,KOR,2015,111624432.0
GTM,MEX,2015,429805877.0
GTM,PER,2015,52641018.0
GTM,USA,2015,3735342822.0
GTM,ARG,2016,4699216.0
GTM,BOL,2016,2182273.0
GTM,BRA,2016,36080907.0
GTM,CHL,2016,90557100.0
GTM,CHN,2016,75513549.0
GTM,COL,2016,54425620.0
GTM,ECU,2016,22563558.0
GTM,DEU,2016,147858063.0
GTM,HND,2016,913934260.0
GTM,KOR,2016,123155655.0
GTM,JPN,2016,169197683.0
GTM,MEX,2016,458661108.0
GTM,PER,2016,51163283.0
GTM,USA,2016,3653636687.0
GTM,ARG,2017,3055183.0
GTM,BOL,2017,2225934.0
GTM,BRA,2017,36946231.0
GTM,CHN,2017,60914261.0
GTM,KOR,2017,98555346.0
GTM,CHL,2017,94850704.0
GTM,COL,2017,62123526.0
GTM,ECU,2017,43789082.0
GTM,DEU,2017,141310979.0
GTM,HND,2017,967261396.0
GTM,JPN,2017,153700790.0
GTM,MEX,2017,510994214.0
GTM,PER,2017,87039767.0
GTM,USA,2017,3797850941.0
GTM,BOL,2018,3136340.0
GTM,ECU,2018,53080615.0
GTM,DEU,2018,110129457.0
GTM,ARG,2018,3889532.0
GTM,CHN,2018,43276053.0
GTM,CHL,2018,119815681.0
GTM,BRA,2018,44409082.0
GTM,COL,2018,36023108.0
GTM,KOR,2018,68711585.0
GTM,PER,2018,52691156.0
GTM,USA,2018,3921561477.0
GTM,JPN,2018,114252814.0
GTM,MEX,2018,508164307.0
GTM,HND,2018,935176111.0
GTM,BRA,2019,32094326.0
GTM,CHL,2019,110533049.0
GTM,ARG,2019,2659268.0
GTM,BOL,2019,5140725.0
GTM,CHN,2019,190508590.0
GTM,COL,2019,42984342.0
GTM,ECU,2019,53348594.0
GTM,DEU,2019,87795026.0
GTM,HND,2019,1000299756.0
GTM,JPN,2019,117456844.0
GTM,KOR,2019,34354069.0
GTM,MEX,2019,555446761.0
GTM,PER,2019,44867003.0
GTM,USA,2019,3849482614.0
GTM,PER,2020,47677569.0
GTM,BOL,2020,5972975.0
GTM,DEU,2020,97451888.0
GTM,KOR,2020,87088108.0
GTM,CHL,2020,95934767.0
GTM,ARG,2020,1798194.0
GTM,BRA,2020,40644855.0
GTM,COL,2020,43335283.0
GTM,ECU,2020,48767662.0
GTM,CHN,2020,227750120.0
GTM,USA,2020,3763785832.0
GTM,HND,2020,1018468071.0
GTM,MEX,2020,462757198.0
GTM,JPN,2020,155615643.0
GTM,DEU,2021,116817661.0
GTM,PER,2021,52378928.0
GTM,CHN,2021,329468055.0
GTM,ARG,2021,3983710.0
GTM,ECU,2021,75879023.0
GTM,BRA,2021,50469532.0
GTM,KOR,2021,92750902.0
GTM,CHL,2021,90743001.0
GTM,JPN,2021,124684154.0
GTM,HND,2021,1397939923.0
GTM,COL,2021,59805379.0
GTM,MEX,2021,590208480.0
GTM,USA,2021,4372310459.0
GTM,BOL,2021,6553699.0
GTM,PER,2022,96703365.0
GTM,KOR,2022,157565568.0
GTM,MEX,2022,692768061.0
GTM,JPN,2022,151550215.0
GTM,USA,2022,5104359457.0
GTM,HND,2022,1585229110.0
GTM,DEU,2022,122245564.0
GTM,ECU,2022,98008677.0
GTM,COL,2022,109750553.0
GTM,CHL,2022,132858949.0
GTM,CHN,2022,427055074.0
GTM,BOL,2022,10993114.0
GTM,BRA,2022,46540631.0
GTM,ARG,2022,3764383.0
GTM,USA,2023,4610996491.0
GTM,ARG,2023,6062111.0
GTM,DEU,2023,101162151.0
GTM,PER,2023,88503759.0
GTM,BOL,2023,15980352.0
GTM,BRA,2023,45720832.0
GTM,CHL,2023,127079958.0
GTM,HND,2023,1629132577.0
GTM,JPN,2023,137336809.0
GTM,KOR,2023,66510333.0
GTM,MEX,2023,674148260.0
GTM,ECU,2023,103187533.0
GTM,CHN,2023,79436167.0
GTM,COL,2023,68036536.0
GTM,ARG,2024,4312594.0
GTM,CHL,2024,113817630.0
GTM,CHN,2024,45332617.0
GTM,BOL,2024,9395314.0
GTM,COL,2024,127011497.0
GTM,JPN,2024,116481752.0
GTM,BRA,2024,55098535.0
GTM,ECU,2024,94274098.0
GTM,DEU,2024,87626264.0
GTM,KOR,2024,88284390.0
GTM,MEX,2024,728034214.0
GTM,HND,2024,1673245245.0
GTM,PER,2024,102531567.0
GTM,USA,2024,4881810013.0
GTM,JPN,2025,180699451.0
GTM,ARG,2025,4472832.0
GTM,BRA,2025,80715437.0
GTM,CHN,2025,46925506.0
GTM,DEU,2025,113193585.0
GTM,HND,2025,1783226258.0
GTM,KOR,2025,96744333.0
GTM,MEX,2025,689650215.0
GTM,PER,2025,76292377.0
GTM,USA,2025,4870060119.0
GTM,BOL,2025,10378619.0
GTM,CHL,2025,96834864.0
GTM,COL,2025,78615870.0
GTM,ECU,2025,90959536.0
HND,ARG,2000,2893.0
HND,BRA,2000,251016.0
HND,CHN,2000,39215.0
HND,CHL,2000,173326.0
HND,COL,2000,2303313.0
HND,ECU,2000,57938.0
HND,DEU,2000,59787200.0
HND,GTM,2000,110961216.0
HND,JPN,2000,53590761.0
HND,KOR,2000,10710725.0
HND,MEX,2000,5722139.0
HND,PER,2000,91135.0
HND,USA,2000,740219538.0
HND,ARG,2001,33812.0
HND,COL,2001,2488559.0
HND,CHL,2001,389709.0
HND,CHN,2001,572519.0
HND,BRA,2001,280476.0
HND,ECU,2001,412919.0
HND,DEU,2001,54386857.0
HND,GTM,2001,76506122.0
HND,JPN,2001,29925318.0
HND,MEX,2001,6617983.0
HND,KOR,2001,9176232.0
HND,PER,2001,41569.0
HND,USA,2001,613413814.0
HND,ARG,2002,44442.0
HND,CHL,2002,378165.0
HND,BOL,2002,5000.0
HND,BRA,2002,156455.0
HND,CHN,2002,480712.0
HND,COL,2002,5692759.0
HND,ECU,2002,468603.0
HND,DEU,2002,54194599.0
HND,GTM,2002,61050619.0
HND,JPN,2002,16514783.0
HND,KOR,2002,3718836.0
HND,MEX,2002,11464074.0
HND,PER,2002,143920.0
HND,USA,2002,466393222.0
HND,ARG,2003,346432.0
HND,BOL,2003,31495.0
HND,BRA,2003,375031.0
HND,CHL,2003,500380.0
HND,CHN,2003,2635479.0
HND,COL,2003,8189643.0
HND,ECU,2003,537822.0
HND,DEU,2003,59309858.0
HND,GTM,2003,69195872.0
HND,JPN,2003,15032685.0
HND,KOR,2003,4292083.0
HND,MEX,2003,27769908.0
HND,PER,2003,98127.0
HND,USA,2003,435186444.0
HND,BRA,2004,579774.0
HND,ARG,2004,1048096.0
HND,CHL,2004,491821.0
HND,CHN,2004,8361597.0
HND,COL,2004,2095893.0
HND,ECU,2004,609084.0
HND,DEU,2004,97077479.0
HND,GTM,2004,79570105.0
HND,JPN,2004,13492872.0
HND,KOR,2004,3353594.0
HND,MEX,2004,40878543.0
HND,PER,2004,844357.0
HND,USA,2004,526275971.0
HND,ARG,2005,99665.0
HND,BRA,2005,1068071.0
HND,BOL,2005,6350.0
HND,CHL,2005,2120045.0
HND,CHN,2005,18106339.0
HND,COL,2005,3011979.0
HND,ECU,2005,153086.0
HND,DEU,2005,108020534.0
HND,GTM,2005,92239570.0
HND,JPN,2005,15761073.0
HND,KOR,2005,12892030.0
HND,MEX,2005,26847480.0
HND,PER,2005,244721.0
HND,USA,2005,538618108.0
HND,ARG,2006,864945.0
HND,BOL,2006,250.0
HND,BRA,2006,1245374.0
HND,CHN,2006,13603524.0
HND,CHL,2006,573839.0
HND,COL,2006,1714113.0
HND,ECU,2006,347183.0
HND,DEU,2006,147347805.0
HND,GTM,2006,57273619.0
HND,JPN,2006,20600194.0
HND,KOR,2006,15913687.0
HND,MEX,2006,90285821.0
HND,PER,2006,45090.0
HND,USA,2006,981604275.0
HND,ARG,2007,261342.0
HND,BOL,2007,2577.0
HND,BRA,2007,1391215.0
HND,CHL,2007,624854.0
HND,COL,2007,3234288.0
HND,CHN,2007,19409529.0
HND,ECU,2007,1275644.0
HND,DEU,2007,186156569.0
HND,GTM,2007,220150160.0
HND,JPN,2007,19652269.0
HND,KOR,2007,34889860.0
HND,MEX,2007,105878949.0
HND,PER,2007,452090.0
HND,USA,2007,1023036674.0
HND,ARG,2009,250918.0
HND,BRA,2009,2384252.0
HND,BOL,2009,13992.0
HND,CHN,2009,51994914.0
HND,CHL,2009,3158216.0
HND,COL,2009,2526723.0
HND,GTM,2009,163173296.0
HND,KOR,2009,53037418.0
HND,JPN,2009,19491670.0
HND,MEX,2009,72806418.0
HND,ECU,2009,1194416.0
HND,PER,2009,814108.0
HND,DEU,2009,184536893.0
HND,USA,2009,1059557684.0
HND,ARG,2010,821039.0
HND,BOL,2010,43855.0
HND,BRA,2010,3399015.0
HND,CHL,2010,1516896.0
HND,COL,2010,21276697.0
HND,CHN,2010,101040757.0
HND,ECU,2010,2024142.0
HND,DEU,2010,232706328.0
HND,GTM,2010,171328695.0
HND,KOR,2010,49135608.0
HND,JPN,2010,24538536.0
HND,MEX,2010,117010500.0
HND,PER,2010,1212481.0
HND,USA,2010,1208216557.0
HND,ARG,2011,1338393.0
HND,BOL,2011,239506.0
HND,BRA,2011,2132271.0
HND,CHL,2011,8824624.0
HND,CHN,2011,90920365.0
HND,COL,2011,8046451.0
HND,ECU,2011,5287608.0
HND,DEU,2011,391391358.0
HND,GTM,2011,149511767.0
HND,JPN,2011,45653355.0
HND,KOR,2011,80489653.0
HND,MEX,2011,107970813.0
HND,PER,2011,5085194.0
HND,USA,2011,1239533062.0
HND,ARG,2012,635345.0
HND,BOL,2012,70982.0
HND,BRA,2012,10746314.0
HND,CHL,2012,2723298.0
HND,CHN,2012,122589039.0
HND,COL,2012,10577652.0
HND,ECU,2012,8396696.0
HND,DEU,2012,479206729.0
HND,GTM,2012,174328189.0
HND,JPN,2012,41526003.0
HND,KOR,2012,63956236.0
HND,MEX,2012,115468882.0
HND,PER,2012,13008006.0
HND,USA,2012,2136639228.0
HND,ARG,2014,12110311.0
HND,BOL,2014,61254.0
HND,BRA,2014,10628904.0
HND,CHL,2014,2544560.0
HND,CHN,2014,92092244.0
HND,COL,2014,10746233.0
HND,ECU,2014,27153348.0
HND,DEU,2014,326243151.0
HND,GTM,2014,227199466.0
HND,JPN,2014,33581002.0
HND,KOR,2014,33213478.0
HND,MEX,2014,161033102.0
HND,PER,2014,16213959.0
HND,USA,2014,2006405684.0
HND,ARG,2015,13125875.0
HND,BOL,2015,130015.0
HND,BRA,2015,3570986.0
HND,CHL,2015,10637250.0
HND,CHN,2015,21984761.0
HND,COL,2015,12491814.0
HND,ECU,2015,18573137.0
HND,DEU,2015,335757597.0
HND,GTM,2015,227772382.0
HND,JPN,2015,22722426.0
HND,KOR,2015,23062354.0
HND,MEX,2015,85654356.0
HND,PER,2015,12938754.0
HND,USA,2015,1855195526.0
HND,ARG,2016,10881045.0
HND,BOL,2016,242475.0
HND,BRA,2016,3330126.0
HND,CHL,2016,3014705.0
HND,CHN,2016,18540834.0
HND,COL,2016,17426188.0
HND,ECU,2016,11156711.0
HND,DEU,2016,308923495.0
HND,GTM,2016,219763106.0
HND,JPN,2016,12566431.0
HND,KOR,2016,22833968.0
HND,MEX,2016,105971860.0
HND,PER,2016,14951197.0
HND,USA,2016,1789374660.0
HND,ARG,2017,9305069.98
HND,BOL,2017,194018.51
HND,BRA,2017,9686455.61
HND,COL,2017,10935925.78
HND,ECU,2017,22962211.29
HND,CHL,2017,2531057.65
HND,CHN,2017,37499234.33
HND,DEU,2017,393464805.68
HND,GTM,2017,224091387.17
HND,JPN,2017,20767247.13
HND,KOR,2017,19198939.85
HND,MEX,2017,72092362.39
HND,PER,2017,17692340.78
HND,USA,2017,1999950168.99
HND,CHN,2018,35250841.5
HND,ARG,2018,3716540.45
HND,GTM,2018,216562919.92
HND,DEU,2018,302024002.54
HND,BOL,2018,1730292.48
HND,PER,2018,9073909.36
HND,KOR,2018,28136458.57
HND,USA,2018,1721395983.84
HND,JPN,2018,22844059.51
HND,MEX,2018,58654951.29
HND,ECU,2018,12684461.87
HND,CHL,2018,1363056.95
HND,BRA,2018,8615695.03
HND,COL,2018,30300118.37
HND,KOR,2019,27297425.67
HND,COL,2019,6078808.42
HND,BOL,2019,10060.8
HND,CHN,2019,5448819.02
HND,ECU,2019,2624065.05
HND,GTM,2019,119626914.9
HND,MEX,2019,63020564.55
HND,DEU,2019,210107408.38
HND,USA,2019,1029914762.28
HND,JPN,2019,18427666.59
HND,BRA,2019,899774.63
HND,ARG,2019,32801.55
HND,CHL,2019,558744.07
HND,PER,2019,935559.53
HND,USA,2020,1964247215.61
HND,COL,2020,20135046.63
HND,CHN,2020,28350259.99
HND,CHL,2020,673892.02
HND,ARG,2020,117335.11
HND,BRA,2020,10569759.55
HND,BOL,2020,50954.55
HND,GTM,2020,254270173.09
HND,JPN,2020,29979291.64
HND,ECU,2020,11155903.48
HND,DEU,2020,280591270.94
HND,PER,2020,2418171.31
HND,KOR,2020,18345352.5
HND,MEX,2020,97288008.2
HND,JPN,2021,40158020.66
HND,KOR,2021,56851336.48
HND,MEX,2021,129753555.89
HND,PER,2021,4315186.52
HND,GTM,2021,226343016.81
HND,DEU,2021,331781542.41
HND,ECU,2021,2216923.2
HND,COL,2021,32000353.49
HND,CHL,2021,454923.58
HND,CHN,2021,8498949.75
HND,ARG,2021,344512.95
HND,BRA,2021,3067796.21
HND,BOL,2021,175132.26
HND,USA,2021,2155136571.98
HND,BOL,2023,67705.08
HND,BRA,2023,17841784.72
HND,JPN,2023,56140855.88
HND,PER,2023,3005653.68
HND,CHL,2023,4479147.62
HND,CHN,2023,18662802.09
HND,COL,2023,31761034.58
HND,ECU,2023,23483176.79
HND,DEU,2023,344411622.01
HND,GTM,2023,410411784.99
HND,KOR,2023,53021820.0
HND,MEX,2023,290499239.94
HND,ARG,2023,1391617.95
HND,USA,2023,3228891054.68
HND,PER,2024,2982703.16
HND,KOR,2024,45555522.85
HND,MEX,2024,337568376.96
HND,CHL,2024,1817096.08
HND,CHN,2024,37050187.4
HND,COL,2024,72306355.4
HND,DEU,2024,266116370.55
HND,GTM,2024,466973706.58
HND,ARG,2024,1941044.72
HND,BOL,2024,23386.61
HND,BRA,2024,20247825.53
HND,ECU,2024,27929845.89
HND,JPN,2024,41688242.34
HND,USA,2024,3261182580.88
MEX,ARG,2000,336876362.0
MEX,BOL,2000,26016557.0
MEX,BRA,2000,688834198.0
MEX,CHL,2000,545159744.0
MEX,CHN,2000,310157697.0
MEX,COL,2000,500065031.0
MEX,ECU,2000,117251762.0
MEX,DEU,2000,1541930664.0
MEX,GTM,2000,570113878.0
MEX,HND,2000,146536234.0
MEX,JPN,2000,1114591633.0
MEX,KOR,2000,293972374.0
MEX,PER,2000,210228919.0
MEX,USA,2000,146599589178.0
MEX,ARG,2001,304168407.0
MEX,BOL,2001,22567797.0
MEX,BRA,2001,713648309.0
MEX,CHL,2001,459326445.0
MEX,CHN,2001,384785392.0
MEX,COL,2001,556110428.0
MEX,ECU,2001,147287945.0
MEX,DEU,2001,1500467154.0
MEX,GTM,2001,594807968.0
MEX,HND,2001,135064689.0
MEX,JPN,2001,1266153821.0
MEX,KOR,2001,208508773.0
MEX,PER,2001,193259897.0
MEX,USA,2001,136373541736.0
MEX,ARG,2002,125030627.0
MEX,BOL,2002,19213957.0
MEX,BRA,2002,657550288.0
MEX,CHL,2002,321618498.0
MEX,CHN,2002,653734968.0
MEX,COL,2002,657605069.0
MEX,ECU,2002,178109881.0
MEX,DEU,2002,1155868809.0
MEX,GTM,2002,546732623.0
MEX,HND,2002,155185619.0
MEX,JPN,2002,1192400913.0
MEX,KOR,2002,161846334.0
MEX,PER,2002,232842286.0
MEX,USA,2002,137963057176.0
MEX,ARG,2003,235053719.0
MEX,BOL,2003,22798755.0
MEX,BRA,2003,620976353.0
MEX,CHL,2003,381024366.0
MEX,CHN,2003,974275642.0
MEX,COL,2003,662255722.0
MEX,ECU,2003,174387057.0
MEX,DEU,2003,1714688072.0
MEX,GTM,2003,589765561.0
MEX,HND,2003,160349052.0
MEX,JPN,2003,1172403835.0
MEX,KOR,2003,181409759.0
MEX,PER,2003,193640172.0
MEX,USA,2003,144696717331.0
MEX,ARG,2004,417487395.0
MEX,BOL,2004,33509064.0
MEX,BRA,2004,572642685.0
MEX,CHL,2004,555121635.0
MEX,CHN,2004,473737978.0
MEX,COL,2004,623862620.0
MEX,ECU,2004,152620352.0
MEX,DEU,2004,1921905247.0
MEX,GTM,2004,601862734.0
MEX,HND,2004,209231250.0
MEX,JPN,2004,544332032.0
MEX,KOR,2004,110780214.0
MEX,PER,2004,179198870.0
MEX,USA,2004,166533178158.0
MEX,ARG,2005,672286921.0
MEX,BOL,2005,36938224.0
MEX,BRA,2005,890235893.0
MEX,CHL,2005,667667110.0
MEX,CHN,2005,1135550504.0
MEX,COL,2005,1548272860.0
MEX,ECU,2005,309211126.0
MEX,DEU,2005,2288762067.0
MEX,GTM,2005,863710730.0
MEX,HND,2005,239606746.0
MEX,JPN,2005,1469999494.0
MEX,KOR,2005,241842062.0
MEX,PER,2005,345043173.0
MEX,USA,2005,183837712957.0
MEX,ARG,2006,952155088.0
MEX,BOL,2006,35474212.0
MEX,BRA,2006,1147290461.0
MEX,CHL,2006,904933509.0
MEX,CHN,2006,1688112156.0
MEX,COL,2006,2132117973.0
MEX,ECU,2006,386345080.0
MEX,DEU,2006,2971347020.0
MEX,HND,2006,284530436.0
MEX,GTM,2006,935443683.0
MEX,JPN,2006,1594041917.0
MEX,KOR,2006,457494779.0
MEX,PER,2006,533468489.0
MEX,USA,2006,212131772801.0
MEX,ARG,2007,1130043139.0
MEX,BOL,2007,48327999.0
MEX,BRA,2007,2010046344.0
MEX,CHL,2007,1170375777.0
MEX,CHN,2007,1895016435.0
MEX,COL,2007,2943237785.0
MEX,ECU,2007,448387133.0
MEX,DEU,2007,4102058155.0
MEX,GTM,2007,1152404481.0
MEX,HND,2007,382401231.0
MEX,JPN,2007,1912616705.0
MEX,KOR,2007,680567895.0
MEX,PER,2007,676604245.0
MEX,USA,2007,223387835367.0
MEX,ARG,2008,1315076441.0
MEX,BOL,2008,101565865.0
MEX,BRA,2008,3366873961.0
MEX,CHL,2008,1586911919.0
MEX,CHN,2008,2044757294.0
MEX,COL,2008,3032439649.0
MEX,ECU,2008,646389295.0
MEX,DEU,2008,4998081547.0
MEX,GTM,2008,1385106162.0
MEX,HND,2008,457747456.0
MEX,JPN,2008,2045908439.0
MEX,KOR,2008,537604719.0
MEX,PER,2008,1179814628.0
MEX,USA,2008,233793947984.0
MEX,ARG,2009,1072736208.0
MEX,BOL,2009,62136435.0
MEX,BRA,2009,2438207947.0
MEX,CHL,2009,1049343601.0
MEX,CHN,2009,2207792861.0
MEX,COL,2009,2490547358.0
MEX,ECU,2009,519733727.0
MEX,DEU,2009,3191052939.0
MEX,GTM,2009,1192093272.0
MEX,HND,2009,376138162.0
MEX,JPN,2009,1600571460.0
MEX,KOR,2009,498752027.0
MEX,PER,2009,585946077.0
MEX,USA,2009,185448518572.0
MEX,ARG,2010,1768791072.0
MEX,BOL,2010,97214274.0
MEX,BRA,2010,3781079743.0
MEX,CHL,2010,1863450581.0
MEX,CHN,2010,4195900072.0
MEX,COL,2010,3757018961.0
MEX,ECU,2010,698261224.0
MEX,DEU,2010,3556248888.0
MEX,GTM,2010,1466551245.0
MEX,HND,2010,424259726.0
MEX,JPN,2010,1923189954.0
MEX,KOR,2010,928780960.0
MEX,PER,2010,973594349.0
MEX,USA,2010,238858911632.0
MEX,ARG,2011,1958139043.0
MEX,BOL,2011,119406308.0
MEX,BRA,2011,4891225999.0
MEX,CHL,2011,2072037659.0
MEX,CHN,2011,5964232571.0
MEX,COL,2011,5632642908.0
MEX,ECU,2011,831304235.0
MEX,DEU,2011,4314505264.0
MEX,GTM,2011,1787312241.0
MEX,HND,2011,499964372.0
MEX,JPN,2011,2252212107.0
MEX,KOR,2011,1521780081.0
MEX,PER,2011,1286400025.0
MEX,USA,2011,274720112774.0
MEX,ARG,2012,1932398713.0
MEX,BOL,2012,177611830.0
MEX,BRA,2012,5657553507.0
MEX,CHL,2012,2251513613.0
MEX,CHN,2012,5720739390.0
MEX,COL,2012,5592265483.0
MEX,ECU,2012,876730511.0
MEX,DEU,2012,4484348354.0
MEX,GTM,2012,1827263163.0
MEX,HND,2012,574491416.0
MEX,JPN,2012,2610660594.0
MEX,KOR,2012,1726591945.0
MEX,PER,2012,1527651048.0
MEX,USA,2012,288176389334.0
MEX,ARG,2013,1965626514.0
MEX,BOL,2013,199455831.0
MEX,BRA,2013,5382925610.0
MEX,CHL,2013,2084575256.0
MEX,CHN,2013,6468490759.0
MEX,COL,2013,4735019262.0
MEX,ECU,2013,916606173.0
MEX,DEU,2013,3711559434.0
MEX,GTM,2013,1734526053.0
MEX,HND,2013,549748511.0
MEX,JPN,2013,2219521372.0
MEX,KOR,2013,1525323477.0
MEX,PER,2013,1770005858.0
MEX,USA,2013,299486780900.0
MEX,ARG,2014,1295246254.0
MEX,BOL,2014,224694699.0
MEX,BRA,2014,4718980887.0
MEX,CHL,2014,2145892934.0
MEX,CHN,2014,5951529064.0
MEX,COL,2014,4733318790.0
MEX,ECU,2014,903926313.0
MEX,DEU,2014,3588693959.0
MEX,GTM,2014,1786660531.0
MEX,HND,2014,517905203.0
MEX,JPN,2014,2604741992.0
MEX,KOR,2014,2025544725.0
MEX,PER,2014,1724559913.0
MEX,USA,2014,318652628159.0
MEX,USA,2015,309174108183.0
MEX,PER,2015,1494133101.0
MEX,CHL,2015,1860174020.0
MEX,GTM,2015,1814105296.0
MEX,JPN,2015,3013057576.0
MEX,KOR,2015,2813850416.0
MEX,DEU,2015,3606398567.0
MEX,ARG,2015,1494464873.0
MEX,HND,2015,554680823.0
MEX,BOL,2015,171622566.0
MEX,BRA,2015,3783988806.0
MEX,ECU,2015,542556242.0
MEX,COL,2015,3666951462.0
MEX,CHN,2015,4866497735.0
MEX,COL,2016,3064201080.0
MEX,BOL,2016,153564114.0
MEX,CHL,2016,1740887125.0
MEX,ARG,2016,1402110415.0
MEX,BRA,2016,2991891931.0
MEX,PER,2016,1388005185.0
MEX,JPN,2016,3768279804.0
MEX,HND,2016,584792494.0
MEX,KOR,2016,2504543728.0
MEX,ECU,2016,449799887.0
MEX,DEU,2016,4116181488.0
MEX,GTM,2016,1709525732.0
MEX,USA,2016,302908586906.0
MEX,CHN,2016,5397418883.0
MEX,BRA,2017,3616427977.0
MEX,KOR,2017,3421078807.0
MEX,CHL,2017,1800644959.0
MEX,JPN,2017,4024721937.0
MEX,DEU,2017,6976179685.0
MEX,GTM,2017,1716456199.0
MEX,ECU,2017,621099959.0
MEX,COL,2017,3154735830.0
MEX,HND,2017,644829432.0
MEX,CHN,2017,6692720070.0
MEX,ARG,2017,1491930880.0
MEX,PER,2017,1494883577.0
MEX,BOL,2017,184881334.0
MEX,USA,2017,327215244206.0
MEX,ECU,2018,713219624.0
MEX,CHL,2018,2059227987.0
MEX,BOL,2018,165323306.0
MEX,DEU,2018,7070778378.0
MEX,JPN,2018,3851931461.0
MEX,BRA,2018,4368804025.0
MEX,PER,2018,1647114521.0
MEX,ARG,2018,1255341366.0
MEX,CHN,2018,7380208884.0
MEX,KOR,2018,3726320800.0
MEX,GTM,2018,1953753212.0
MEX,COL,2018,3540055367.0
MEX,USA,2018,356892496771.0
MEX,HND,2018,740011638.0
MEX,ECU,2019,623851265.0
MEX,DEU,2019,7093990995.0
MEX,BOL,2019,185534975.0
MEX,CHN,2019,6911309835.0
MEX,GTM,2019,1982817012.0
MEX,PER,2019,1431165744.0
MEX,CHL,2019,1593640192.0
MEX,HND,2019,773340290.0
MEX,JPN,2019,3938322298.0
MEX,ARG,2019,769177586.0
MEX,BRA,2019,4253701123.0
MEX,USA,2019,358638540188.0
MEX,KOR,2019,2212121981.0
MEX,COL,2019,3498643451.0
MEX,CHL,2020,1314869065.0
MEX,COL,2020,2572555060.0
MEX,HND,2020,721086773.0
MEX,BOL,2020,110276043.0
MEX,USA,2020,330433645675.0
MEX,KOR,2020,3429895467.0
MEX,ARG,2020,707029728.0
MEX,BRA,2020,3023478457.0
MEX,JPN,2020,3623361193.0
MEX,GTM,2020,1912129827.0
MEX,PER,2020,1192995847.0
MEX,CHN,2020,7787691505.0
MEX,DEU,2020,6584725993.0
MEX,ECU,2020,467270878.0
MEX,DEU,2021,7427283725.0
MEX,PER,2021,1516245578.0
MEX,CHL,2021,1932225281.0
MEX,BOL,2021,155559081.0
MEX,HND,2021,997806201.0
MEX,JPN,2021,3981444170.0
MEX,ECU,2021,585323966.0
MEX,ARG,2021,877908328.0
MEX,CHN,2021,9080418207.0
MEX,BRA,2021,3472955512.0
MEX,KOR,2021,3308693648.0
MEX,COL,2021,3365452170.0
MEX,GTM,2021,2423142355.0
MEX,USA,2021,386168159696.0
MEX,USA,2022,454414164985.0
MEX,GTM,2022,2988359168.0
MEX,CHL,2022,1720635056.0
MEX,ARG,2022,1059291099.0
MEX,PER,2022,1667899433.0
MEX,DEU,2022,8244694335.0
MEX,HND,2022,1150082286.0
MEX,KOR,2022,3690574542.0
MEX,ECU,2022,632782115.0
MEX,BRA,2022,4276292221.0
MEX,CHN,2022,10805794678.0
MEX,BOL,2022,161770824.0
MEX,JPN,2022,4340092448.0
MEX,COL,2022,3607158921.0
MEX,USA,2023,475203155269.0
MEX,GTM,2023,2915309267.0
MEX,ARG,2023,901221424.0
MEX,BOL,2023,180524697.0
MEX,BRA,2023,4318753782.0
MEX,CHL,2023,1258755472.0
MEX,CHN,2023,9151479722.0
MEX,COL,2023,2743758462.0
MEX,ECU,2023,571117966.0
MEX,DEU,2023,8746321275.0
MEX,HND,2023,1296720876.0
MEX,JPN,2023,3846200470.0
MEX,PER,2023,1299543625.0
MEX,KOR,2023,3806882258.0
MEX,USA,2024,503418271236.0
MEX,GTM,2024,2880631863.0
MEX,BOL,2024,124404151.0
MEX,BRA,2024,4737609949.0
MEX,CHN,2024,9075970016.0
MEX,COL,2024,2813043491.0
MEX,ECU,2024,468558865.0
MEX,JPN,2024,4257169375.0
MEX,PER,2024,1229815959.0
MEX,ARG,2024,786829311.0
MEX,DEU,2024,7133909140.0
MEX,HND,2024,1148533036.0
MEX,KOR,2024,4065202081.0
MEX,CHL,2024,1248207550.0
MEX,USA,2025,545387805906.0
MEX,GTM,2025,2846792457.0
MEX,BOL,2025,106579323.0
MEX,BRA,2025,4452740766.0
MEX,CHL,2025,1065654446.0
MEX,CHN,2025,9916492833.0
MEX,COL,2025,3137963765.0
MEX,ECU,2025,449092319.0
MEX,DEU,2025,7721387198.0
MEX,HND,2025,1095031861.0
MEX,ARG,2025,1174817385.0
MEX,JPN,2025,4030151119.0
MEX,KOR,2025,5295350917.0
MEX,PER,2025,1183398815.0
PER,ARG,2000,23661684.0
PER,BOL,2000,94192721.0
PER,BRA,2000,216012692.0
PER,CHL,2000,260036572.0
PER,CHN,2000,442180830.0
PER,COL,2000,138025494.0
PER,ECU,2000,94282625.0
PER,DEU,2000,120258004.0
PER,GTM,2000,22275012.0
PER,HND,2000,4478326.0
PER,JPN,2000,290349941.0
PER,KOR,2000,125327626.0
PER,MEX,2000,147182505.0
PER,USA,2000,1735856951.0
PER,ARG,2001,20492796.0
PER,BOL,2001,97667394.0
PER,BRA,2001,227057172.0
PER,CHL,2001,281942071.0
PER,CHN,2001,426252575.0
PER,COL,2001,150404669.0
PER,ECU,2001,120372622.0
PER,DEU,2001,207786758.0
PER,GTM,2001,19035328.0
PER,HND,2001,7778308.0
PER,JPN,2001,383017385.0
PER,KOR,2001,110592389.0
PER,MEX,2001,127919077.0
PER,USA,2001,1693608626.0
PER,ARG,2002,13206041.0
PER,BOL,2002,90537338.0
PER,BRA,2002,193749174.0
PER,CHL,2002,254563036.0
PER,CHN,2002,597625070.0
PER,COL,2002,157517055.0
PER,ECU,2002,138744100.0
PER,DEU,2002,251356298.0
PER,GTM,2002,28055044.0
PER,HND,2002,9724683.0
PER,JPN,2002,374295672.0
PER,KOR,2002,168082078.0
PER,MEX,2002,129739358.0
PER,USA,2002,1998085258.0
PER,ARG,2003,19321670.0
PER,BOL,2003,105339805.0
PER,BRA,2003,231229204.0
PER,CHL,2003,412573745.0
PER,CHN,2003,676972400.0
PER,COL,2003,188803751.0
PER,ECU,2003,156476062.0
PER,DEU,2003,254883616.0
PER,GTM,2003,26232558.0
PER,HND,2003,7017475.0
PER,JPN,2003,391170271.0
PER,KOR,2003,176344181.0
PER,MEX,2003,108077358.0
PER,USA,2003,2434506328.0
PER,ARG,2004,36342673.0
PER,BOL,2004,131291233.0
PER,BRA,2004,357542080.0
PER,CHL,2004,719064503.0
PER,CHN,2004,1244698894.0
PER,COL,2004,261750743.0
PER,ECU,2004,206567681.0
PER,DEU,2004,381948883.0
PER,GTM,2004,64519655.0
PER,HND,2004,10945092.0
PER,JPN,2004,554160388.0
PER,KOR,2004,202960092.0
PER,MEX,2004,229057258.0
PER,USA,2004,3730488582.0
PER,ARG,2005,53537964.0
PER,BOL,2005,154862354.0
PER,BRA,2005,453201153.0
PER,CHL,2005,1129374670.0
PER,CHN,2005,1860864620.0
PER,COL,2005,346605482.0
PER,ECU,2005,295000397.0
PER,DEU,2005,515038421.0
PER,GTM,2005,57731403.0
PER,HND,2005,11580528.0
PER,JPN,2005,604497509.0
PER,KOR,2005,227430829.0
PER,MEX,2005,332059996.0
PER,USA,2005,5257260432.0
PER,ARG,2006,74011903.0
PER,BOL,2006,189504801.0
PER,BRA,2006,814541294.0
PER,CHL,2006,1429921151.0
PER,CHN,2006,2268654802.0
PER,COL,2006,505780245.0
PER,ECU,2006,327287023.0
PER,DEU,2006,812318438.0
PER,GTM,2006,69000900.0
PER,HND,2006,13822508.0
PER,JPN,2006,1230786928.0
PER,KOR,2006,548480653.0
PER,MEX,2006,390443252.0
PER,USA,2006,5707486624.0
PER,ARG,2007,119667453.0
PER,BOL,2007,223983501.0
PER,BRA,2007,932363366.0
PER,CHL,2007,1695382593.0
PER,CHN,2007,3040489425.0
PER,COL,2007,617192337.0
PER,ECU,2007,379221213.0
PER,DEU,2007,930496047.0
PER,GTM,2007,54019586.0
PER,HND,2007,15918641.0
PER,JPN,2007,2180551235.0
PER,KOR,2007,887904948.0
PER,MEX,2007,269966131.0
PER,USA,2007,5585918233.0
PER,ARG,2008,147290478.0
PER,BOL,2008,350922161.0
PER,BRA,2008,895412125.0
PER,CHL,2008,1840831348.0
PER,CHN,2008,3734994543.0
PER,COL,2008,708731457.0
PER,ECU,2008,504123084.0
PER,DEU,2008,1028041105.0
PER,GTM,2008,57994937.0
PER,HND,2008,18880866.0
PER,JPN,2008,1860025030.0
PER,KOR,2008,552016289.0
PER,MEX,2008,298744547.0
PER,USA,2008,5835264231.0
PER,ARG,2009,83975112.0
PER,BOL,2009,321809829.0
PER,BRA,2009,508112010.0
PER,CHL,2009,752216385.0
PER,CHN,2009,4077957000.0
PER,COL,2009,643785365.0
PER,ECU,2009,576464909.0
PER,DEU,2009,1042411546.0
PER,GTM,2009,58696780.0
PER,HND,2009,48176339.0
PER,JPN,2009,1376461722.0
PER,KOR,2009,749588864.0
PER,MEX,2009,242505160.0
PER,USA,2009,4603772868.0
PER,COL,2010,922978495.6
PER,CHN,2010,5538656285.9
PER,MEX,2010,306276157.75
PER,HND,2010,81217413.45
PER,GTM,2010,60539496.06
PER,KOR,2010,907028773.72
PER,JPN,2010,1843919788.23
PER,USA,2010,7030970258.89
PER,ECU,2010,925619559.36
PER,DEU,2010,1590886861.72
PER,ARG,2010,177236985.42
PER,BOL,2010,433080002.1
PER,BRA,2010,1017002723.36
PER,CHL,2010,1459923577.88
PER,COL,2011,1045370361.62
PER,ARG,2011,192935442.56
PER,MEX,2011,452662717.12
PER,GTM,2011,59247223.15
PER,HND,2011,28871669.36
PER,DEU,2011,1920955570.31
PER,JPN,2011,2174663416.75
PER,BOL,2011,460496567.05
PER,CHN,2011,6972639439.78
PER,USA,2011,6272045673.04
PER,KOR,2011,1696091331.8
PER,ECU,2011,837985428.94
PER,BRA,2011,1288243555.78
PER,CHL,2011,1948068312.5
PER,JPN,2012,2638638328.63
PER,HND,2012,31027297.45
PER,BRA,2012,1609984741.89
PER,ECU,2012,1226385879.57
PER,ARG,2012,288470240.25
PER,GTM,2012,85449783.57
PER,CHL,2012,2389987646.23
PER,COL,2012,1172138851.04
PER,BOL,2012,729095684.65
PER,CHN,2012,8011105942.81
PER,MEX,2012,507642090.84
PER,USA,2012,8205655067.39
PER,DEU,2012,1943689924.4
PER,KOR,2012,1582784614.51
PER,ARG,2013,254466297.86
PER,MEX,2013,619744700.43
PER,CHN,2013,7432842159.32
PER,BRA,2013,1917058578.48
PER,HND,2013,79297655.26
PER,JPN,2013,2303102485.58
PER,KOR,2013,1593131632.71
PER,CHL,2013,1966686268.08
PER,DEU,2013,1258905474.96
PER,GTM,2013,76564037.45
PER,BOL,2013,786636088.21
PER,ECU,2013,1250692092.3
PER,COL,2013,1120203034.21
PER,USA,2013,9209546539.54
PER,DEU,2014,1229481936.1
PER,GTM,2014,84890324.4
PER,HND,2014,38966124.16
PER,KOR,2014,1210008698.16
PER,ARG,2014,180972659.64
PER,BOL,2014,654194323.28
PER,BRA,2014,1595283550.54
PER,CHL,2014,1543479819.48
PER,CHN,2014,7042587498.1
PER,COL,2014,1230350133.66
PER,ECU,2014,865712845.3
PER,JPN,2014,1583983779.39
PER,MEX,2014,737228423.92
PER,USA,2014,6253909804.38
PER,BOL,2015,763818826.5
PER,JPN,2015,1157576929.28
PER,CHN,2015,7444613231.33
PER,ARG,2015,162330100.8
PER,DEU,2015,1033312957.45
PER,HND,2015,56295592.12
PER,GTM,2015,142956899.67
PER,KOR,2015,1125094725.66
PER,CHL,2015,1278667901.55
PER,MEX,2015,601327601.96
PER,BRA,2015,1185905648.03
PER,USA,2015,6065583577.22
PER,COL,2015,1020551651.31
PER,ECU,2015,893342363.72
PER,HND,2016,39407722.12
PER,KOR,2016,1394414837.23
PER,ARG,2016,128351808.69
PER,BOL,2016,562720547.6
PER,BRA,2016,1204534684.64
PER,CHL,2016,1011872284.05
PER,CHN,2016,8492299517.58
PER,COL,2016,712126911.33
PER,DEU,2016,890316152.03
PER,GTM,2016,57843854.87
PER,JPN,2016,1264692033.66
PER,MEX,2016,465820494.84
PER,USA,2016,6325659186.3
PER,ECU,2016,652619604.95
PER,GTM,2017,58516683.86
PER,ARG,2017,157592675.39
PER,BOL,2017,625184562.98
PER,BRA,2017,1591479225.8
PER,CHL,2017,1041052722.26
PER,CHN,2017,11626233312.01
PER,COL,2017,673472134.23
PER,ECU,2017,812671094.17
PER,DEU,2017,933543702.3
PER,HND,2017,33648580.69
PER,JPN,2017,1880077672.84
PER,KOR,2017,2136855759.33
PER,MEX,2017,417707623.31
PER,USA,2017,6940066695.35
PER,COL,2018,761362154.98
PER,BRA,2018,1719787191.05
PER,MEX,2018,445086680.3
PER,CHN,2018,13237194154.33
PER,HND,2018,43210431.33
PER,CHL,2018,1227411001.51
PER,USA,2018,8101655950.83
PER,BOL,2018,666131860.57
PER,KOR,2018,2467142133.0
PER,GTM,2018,85681391.04
PER,JPN,2018,2180964197.93
PER,ARG,2018,180828345.74
PER,DEU,2018,1126287885.68
PER,ECU,2018,859300182.9
PER,CHN,2019,13545988734.1
PER,HND,2019,62435425.08
PER,MEX,2019,474806836.87
PER,ARG,2019,137922498.15
PER,BOL,2019,707241242.92
PER,BRA,2019,1441619600.15
PER,CHL,2019,1302851434.84
PER,COL,2019,791472008.35
PER,ECU,2019,795955025.03
PER,DEU,2019,1033530056.38
PER,GTM,2019,83436176.07
PER,JPN,2019,1975320361.63
PER,KOR,2019,2277693573.5
PER,USA,2019,5748249803.61
PER,BRA,2020,753615400.4
PER,BOL,2020,532482062.56
PER,DEU,2020,751703950.94
PER,CHL,2020,1054655574.81
PER,CHN,2020,10963063849.1
PER,USA,2020,6240577498.85
PER,KOR,2020,2266201813.47
PER,MEX,2020,418044638.75
PER,JPN,2020,1724173804.37
PER,GTM,2020,63137484.08
PER,COL,2020,669043328.85
PER,ECU,2020,642342501.42
PER,ARG,2020,108473825.94
PER,HND,2020,29126435.68
PER,USA,2021,7192891164.356
PER,ARG,2021,163173889.03
PER,BOL,2021,699820456.88
PER,BRA,2021,1068308250.44
PER,CHL,2021,1710956601.572
PER,CHN,2021,17994760657.291
PER,COL,2021,853190547.931
PER,ECU,2021,927309640.82
PER,DEU,2021,1088740305.757
PER,GTM,2021,106028041.19
PER,HND,2021,38636507.84
PER,JPN,2021,2780238938.242
PER,KOR,2021,2799183947.801
PER,MEX,2021,555461165.804
PER,ARG,2022,215362199.308
PER,BOL,2022,803545869.286
PER,BRA,2022,1512063313.745
PER,COL,2022,1044174107.383
PER,GTM,2022,98325570.515
PER,CHN,2022,17489367600.314
PER,MEX,2022,783276352.421
PER,USA,2022,8431595006.302
PER,HND,2022,44453706.042
PER,KOR,2022,2601582024.392
PER,CHL,2022,1821221690.335
PER,JPN,2022,2824668752.722
PER,DEU,2022,959214811.757
PER,ECU,2022,1290341350.78
PER,ARG,2023,194517010.87
PER,HND,2023,66961438.33
PER,GTM,2023,115012064.84
PER,JPN,2023,2215389299.45
PER,KOR,2023,2344479138.32
PER,BOL,2023,534637328.19
PER,BRA,2023,1727058564.85
PER,CHL,2023,1947489594.29
PER,CHN,2023,23155748030.08
PER,COL,2023,821816488.21
PER,ECU,2023,1158948062.01
PER,DEU,2023,949255219.7
PER,MEX,2023,868628013.41
PER,USA,2023,9180565446.18
PER,BRA,2024,1640908178.004
PER,COL,2024,933187649.256
PER,CHN,2024,24839120163.187
PER,ECU,2024,1052330064.265
PER,ARG,2024,195165544.335
PER,CHL,2024,2108338967.07
PER,GTM,2024,138296992.812
PER,BOL,2024,617064847.324
PER,USA,2024,9581557154.364
PER,DEU,2024,936403175.984
PER,JPN,2024,3375285024.299
PER,HND,2024,126093739.529
PER,MEX,2024,865183105.55
PER,KOR,2024,2027007874.736
